Product Name,Product URL,Product Price,Product Rating,Product Reviews
"Men's ZIGZAG-01 Sport Running,Walking,Gym Shoes with Cushioning Material,Extra Jump Lightweight Shoes TPR Outsole with Memory Foam Insole Casual Shoes for Men's & Boy's",https://www.amazon.in/sspa/click?ie=UTF8&spc=MToyMzUyMTI0MDk5NDE2ODY0OjE2ODUwODA4NTY6c3BfYXRmOjIwMTQ2NjA2ODU0OTk4OjowOjo&url=%2FASIAN-ZIGZAG-01-Cushioning-Material-Lightweight%2Fdp%2FB0C172GWWW%2Fref%3Dsr_1_1_sspa%3Fkeywords%3Dmen%2Bsports%2Bshoes%26qid%3D1685080856%26sr%3D8-1-spons%26sp_csd%3Dd2lkZ2V0TmFtZT1zcF9hdGY%26psc%3D1,"₹1,149",4.1 out of 5 stars,8
Athleo ATG-402 Men's Mesh Running/Gym/Walking/Sports Shoes,https://www.amazon.in/sspa/click?ie=UTF8&spc=MToyMzUyMTI0MDk5NDE2ODY0OjE2ODUwODA4NTY6c3BfYXRmOjIwMTYxMTgxMTE5Njk4OjowOjo&url=%2FACTION-ATG-402-Grey-Orange-Running-Walking%2Fdp%2FB09DCZHFRB%2Fref%3Dsr_1_2_sspa%3Fkeywords%3Dmen%2Bsports%2Bshoes%26qid%3D1685080856%26sr%3D8-2-spons%26sp_csd%3Dd2lkZ2V0TmFtZT1zcF9hdGY%26psc%3D1,"₹1,499",3.5 out of 5 stars,6
Mens Fanatic Running Shoe,https://www.amazon.in/sspa/click?ie=UTF8&spc=MToyMzUyMTI0MDk5NDE2ODY0OjE2ODUwODA4NTY6c3BfYXRmOjIwMTUyMzE2MDAzMzk4OjowOjo&url=%2FAmazon-Brand-Symactive-Sports-AW21-SYM-10%2Fdp%2FB09CTHCYQT%2Fref%3Dsr_1_3_sspa%3Fkeywords%3Dmen%2Bsports%2Bshoes%26qid%3D1685080856%26sr%3D8-3-spons%26sp_csd%3Dd2lkZ2V0TmFtZT1zcF9hdGY%26psc%3D1,"₹591
37",3.8 out of 5 stars,582
"Men's SHOCKER-01 Sports Running,Walking,Gym Shoes with Lightweight Phylon Sole with Memory Foam Casual Sneaker Shoes for Men's & Boy's",https://www.amazon.in/sspa/click?ie=UTF8&spc=MToyMzUyMTI0MDk5NDE2ODY0OjE2ODUwODA4NTY6c3BfYXRmOjIwMTQ2NjA2ODU1MDk4OjowOjo&url=%2FASIAN-SHOCKER-01-Running-Walking-Lightweight%2Fdp%2FB0C27NS4LF%2Fref%3Dsr_1_4_sspa%3Fkeywords%3Dmen%2Bsports%2Bshoes%26qid%3D1685080856%26sr%3D8-4-spons%26sp_csd%3Dd2lkZ2V0TmFtZT1zcF9hdGY%26psc%3D1,"₹1,399",5.0 out of 5 stars,4
Men's Wonder-13 Sports Running Shoes,https://www.amazon.in/ASIAN-Wonder-1313-Training-Running-Canvas/dp/B07C948QKB/ref=sr_1_5?keywords=men+sports+shoes&qid=1685080856&sr=8-5,₹514,4.0 out of 5 stars,"89,433"
Men's Sports Running Shoes Indus-251,https://www.amazon.in/Lancer-White-Sports-Running-Indus-251/dp/B081LG5BRT/ref=sr_1_6?keywords=men+sports+shoes&qid=1685080856&sr=8-6,₹631,3.7 out of 5 stars,"3,779"
Mens Sx0614g Running Shoe,https://www.amazon.in/Sparx-Orange-Running-Shoes-9-SX0614G_NBNO0009/dp/B0823ZXTYT/ref=sr_1_7?keywords=men+sports+shoes&qid=1685080856&sr=8-7,₹999,3.9 out of 5 stars,"4,645"
Mens Energy Runner Lp Running Shoe,https://www.amazon.in/Reebok-Mens-Energy-Runner-Running/dp/B08FZTHYQX/ref=sr_1_8?keywords=men+sports+shoes&qid=1685080856&sr=8-8,"₹1,098",4.0 out of 5 stars,"3,441"
Men's Waterproof-13 Synthetic Sports Running Shoes,https://www.amazon.in/ASIAN-Waterproof-13-Orange-Synthetic-Running/dp/B09P7D8B9V/ref=sr_1_9?keywords=men+sports+shoes&qid=1685080856&sr=8-9,₹599,3.6 out of 5 stars,897
Mens Elate M Running Shoe,https://www.amazon.in/Adidas-Elate-Running-EW2449_CBLACK-FTWWHT_/dp/B08FZVZY1K/ref=sr_1_10?keywords=men+sports+shoes&qid=1685080856&sr=8-10,"₹1,499",4.0 out of 5 stars,"4,076"
Mens Fanatic Running Shoe,https://www.amazon.in/Amazon-Brand-Symactive-Sports-AW21-SYM-10/dp/B09CTHCYQT/ref=sr_1_11?keywords=men+sports+shoes&qid=1685080856&sr=8-11,"₹591
37",3.8 out of 5 stars,582
Mens Sx0500g Running Shoe,https://www.amazon.in/Sparx-Golden-Walking-Shoes-8-SX0500G_BKGO0008/dp/B07ZC76YBQ/ref=sr_1_12?keywords=men+sports+shoes&qid=1685080856&sr=8-12,₹846,4.0 out of 5 stars,"2,809"
"Men's Cosko Sports Running,Walking,Gym,Training Sneaker Lace-Up Shoes for Men's & Boy's",https://www.amazon.in/ASIAN-Brown-Cosco-Mouse-Walking/dp/B07FS4ZWG4/ref=sr_1_13?keywords=men+sports+shoes&qid=1685080856&sr=8-13,₹549,3.8 out of 5 stars,"22,633"
Men's Drogo M Running Shoes,https://www.amazon.in/Adidas-VISGRE-Running-Shoes-9-CL4157_9/dp/B07M5B21LZ/ref=sr_1_14?keywords=men+sports+shoes&qid=1685080856&sr=8-14,"₹1,663",4.1 out of 5 stars,"9,254"
"Walking Sports Shoes for Men | Soft Cushioned Insole, Slip-Resistance, Dynamic Feet Support, Arch Support & Shock Absorption",https://www.amazon.in/Red-Tape-Walking-Comfortable-Durable-9/dp/B0BKZF5VCW/ref=sr_1_15?keywords=men+sports+shoes&qid=1685080856&sr=8-15,"₹1,379",4.0 out of 5 stars,92
Mens Sm-717 Running Shoe,https://www.amazon.in/Sparx-SM-717-Turkey-Sports-SX0717G_WHTB_0009/dp/B09KH1Z6P2/ref=sr_1_16?keywords=men+sports+shoes&qid=1685080856&sr=8-16,"₹1,500",3.9 out of 5 stars,137
Mens Sm-648 Sports Shoes,https://www.amazon.in/Sparx-SM-648-Orange-Sports-Shoes/dp/B08RNWBYYF/ref=sr_1_17?keywords=men+sports+shoes&qid=1685080856&sr=8-17,₹934,4.1 out of 5 stars,"1,540"
Comfort Wandrer M,https://www.amazon.in/Reebok-Gravel-Comfort-Wandrer-Walking/dp/B09N6Q2KJC/ref=sr_1_18?keywords=men+sports+shoes&qid=1685080856&sr=8-18,"₹1,670",3.9 out of 5 stars,14
Men's Sx0687g Running Shoe,https://www.amazon.in/Sparx-SM-687-Forest-Golden-SX0687GGFGO_0009/dp/B098B9JVBK/ref=sr_1_19?keywords=men+sports+shoes&qid=1685080856&sr=8-19,"₹1,243",3.9 out of 5 stars,404
"Black Sports Shoes for Men- Lace-Up Shoes, Perfect Walking & Running Shoes for Men",https://www.amazon.in/Red-Tape-Lace-Up-Perfect-Walking/dp/B0BVBL6FMS/ref=sr_1_20?keywords=men+sports+shoes&qid=1685080856&sr=8-20,"₹1,473",4.1 out of 5 stars,7
"Men's Newton-09 Sports Running,Walking & Gym Shoes with SoleFlex Technology Casual Sneaker Shoes for Men's & Boy's",https://www.amazon.in/sspa/click?ie=UTF8&spc=MToyMzUyMTI0MDk5NDE2ODY0OjE2ODUwODA4NTY6c3BfbXRmOjIwMTQzNjYyMzg4Nzk4OjowOjo&url=%2FASIAN-Newton-09-Running-SoleFlex-Technology%2Fdp%2FB0B7S525WW%2Fref%3Dsr_1_21_sspa%3Fkeywords%3Dmen%2Bsports%2Bshoes%26qid%3D1685080856%26sr%3D8-21-spons%26sp_csd%3Dd2lkZ2V0TmFtZT1zcF9tdGY%26psc%3D1,₹539,3.9 out of 5 stars,198
Mens Hattrick-27 Loafer,https://www.amazon.in/sspa/click?ie=UTF8&spc=MToyMzUyMTI0MDk5NDE2ODY0OjE2ODUwODA4NTY6c3BfbXRmOjIwMTQ2NTU4OTc5Njk4OjowOjo&url=%2FASIAN-Hattrick-27-Running-Sneakers-Lightweight%2Fdp%2FB09SY328JM%2Fref%3Dsr_1_22_sspa%3Fkeywords%3Dmen%2Bsports%2Bshoes%26qid%3D1685080856%26sr%3D8-22-spons%26sp_csd%3Dd2lkZ2V0TmFtZT1zcF9tdGY%26psc%3D1,₹704,3.8 out of 5 stars,684
"Sneaker Casual Shoes for Men | Soft Cushioned Insole, Slip-Resistance, Dynamic Feet Support, Arch Support & Shock Absorption",https://www.amazon.in/sspa/click?ie=UTF8&spc=MToyMzUyMTI0MDk5NDE2ODY0OjE2ODUwODA4NTY6c3BfbXRmOjIwMTQxNDcxMjU0OTk4OjowOjo&url=%2FRed-Tape-Slip-Resistance-Absorption-RSO2771%2Fdp%2FB0BWRBTVHH%2Fref%3Dsr_1_23_sspa%3Fkeywords%3Dmen%2Bsports%2Bshoes%26qid%3D1685080856%26sr%3D8-23-spons%26sp_csd%3Dd2lkZ2V0TmFtZT1zcF9tdGY%26psc%3D1,"₹1,517",4.0 out of 5 stars,217
"Men's Cosco-13 Sports Running,Walking & Gym, School Shoes Lightweight Eva Sole Extra Jump Casual Sneaker Lace-Up Shoes for Men's & Boy's",https://www.amazon.in/sspa/click?ie=UTF8&spc=MToyMzUyMTI0MDk5NDE2ODY0OjE2ODUwODA4NTY6c3BfbXRmOjIwMTQ2NTY3OTA4Mzk4OjowOjo&url=%2FASIAN-Wonder-13-Running-Walking-Lightweight%2Fdp%2FB0BC1ZMRHZ%2Fref%3Dsr_1_24_sspa%3Fkeywords%3Dmen%2Bsports%2Bshoes%26qid%3D1685080856%26sr%3D8-24-spons%26sp_csd%3Dd2lkZ2V0TmFtZT1zcF9tdGY%26psc%3D1,₹614,3.8 out of 5 stars,"3,629"
Mens Sx0707g Sneaker,https://www.amazon.in/Sparx-SM-707-Turkey-Sports-SX0707G_TBRD_0008/dp/B09HTH6Z46/ref=sr_1_25?keywords=men+sports+shoes&qid=1685080856&sr=8-25,₹734,3.8 out of 5 stars,48
"Exclusive Trendy, Casual, Sports Shoes for Men, Running Shoes for Men",https://www.amazon.in/BRUTON-Exclusive-Trendy-Running-Shoes/dp/B0B2JLGKPT/ref=sr_1_26?keywords=men+sports+shoes&qid=1685080856&sr=8-26,₹279,2.9 out of 5 stars,366
Men's Altas & Radcliff Sports Running Shoe,https://www.amazon.in/Puma-Radcliff-Puma-Black-Running-India-8/dp/B0BG2ZVVJX/ref=sr_1_27?keywords=men+sports+shoes&qid=1685080856&sr=8-27,"₹2,699",3.7 out of 5 stars,749
Mens Pacer Fire Sneaker,https://www.amazon.in/Puma-Pacer-Peacoat-High-Sneaker-9-38046901/dp/B08QVJ9H7V/ref=sr_1_28?keywords=men+sports+shoes&qid=1685080856&sr=8-28,"₹1,755",3.9 out of 5 stars,"1,218"
Men's CESTER (N) Running Shoes,https://www.amazon.in/Campus-Mens-CESTER-Running-Shoes/dp/B094D8J6S8/ref=sr_1_29?keywords=men+sports+shoes&qid=1685080856&sr=8-29,₹649,3.9 out of 5 stars,917
"Men's Bouncer-05 Sports Running Shoes Latest Stylish Casual Sneakers,Lace up Lightweight Shoes for Running, Walking, Gym",https://www.amazon.in/ASIAN-Mens-Grey-Running-Shoes/dp/B08H11GQFD/ref=sr_1_30?keywords=men+sports+shoes&qid=1685080856&sr=8-30,₹514,3.6 out of 5 stars,"1,730"
Men's Running Shoes,https://www.amazon.in/Sparx-Mens-Orange-Running-Shoes/dp/B078KTZFN7/ref=sr_1_31?keywords=men+sports+shoes&qid=1685080856&sr=8-31,₹879,4.0 out of 5 stars,"15,837"
Mens Sm-375 Sneaker,https://www.amazon.in/Sparx-Trending-Footwear-Outdoor-Official/dp/B09HKXMLRR/ref=sr_1_32?keywords=men+sports+shoes&qid=1685080856&sr=8-32,₹846,4.0 out of 5 stars,173
Men's North Plus Running Shoes,https://www.amazon.in/Campus-Mens-Black-Running-Shoes/dp/B08PS2B19R/ref=sr_1_33?keywords=men+sports+shoes&qid=1685080856&sr=8-33,"₹1,329",3.9 out of 5 stars,"7,773"
"Men's Waterproof-15 Sports Running,Walking & Gym Shoes with Sole Flex Technology Casual Sneaker Shoes for Men's & Boy's",https://www.amazon.in/ASIAN-Waterproof-15-Running-Walking-Technology/dp/B0B6SKN8QY/ref=sr_1_34?keywords=men+sports+shoes&qid=1685080856&sr=8-34,₹599,3.6 out of 5 stars,327
Mens Sm-680 Running Shoe,https://www.amazon.in/Sparx-Arrival-Running-Gymming-Footwear/dp/B09TPQRS61/ref=sr_1_35?keywords=men+sports+shoes&qid=1685080856&sr=8-35,"₹1,139",3.9 out of 5 stars,173
Men Olive Walking Shoes,https://www.amazon.in/Red-Tape-Grey-Walking-Shoes-9/dp/B0BCWRLWDD/ref=sr_1_36?keywords=men+sports+shoes&qid=1685080856&sr=8-36,"₹1,517",3.7 out of 5 stars,93
Men's Sm-705 Running Shoe,https://www.amazon.in/Sparx-SM-705-Golden-Sports-SX0705GWHGO0008/dp/B09TWB5N96/ref=sr_1_37?keywords=men+sports+shoes&qid=1685080856&sr=8-37,₹974,4.0 out of 5 stars,254
Men's Crysta Running Shoes,https://www.amazon.in/Campus-Crysta-PRO-Running-Shoes/dp/B09RBFK5ZL/ref=sr_1_38?keywords=men+sports+shoes&qid=1685080856&sr=8-38,₹714,3.9 out of 5 stars,"18,931"
Sm 651,https://www.amazon.in/Sparx-SM-651-Navy-Sports-Shoes/dp/B08R22N82N/ref=sr_1_39?keywords=men+sports+shoes&qid=1685080856&sr=8-39,₹839,4.2 out of 5 stars,"2,652"
Mens Hattrick-27 Loafer,https://www.amazon.in/ASIAN-Hattrick-27-Running-Sneakers-Lightweight/dp/B09SY328JM/ref=sr_1_40?keywords=men+sports+shoes&qid=1685080856&sr=8-40,₹704,3.8 out of 5 stars,684
Men's Running Shoes,https://www.amazon.in/Campus-PRO-L-Gry-Running-Shoes/dp/B09RBG193D/ref=sr_1_41?keywords=men+sports+shoes&qid=1685080856&sr=8-41,₹869,3.9 out of 5 stars,"3,443"
Mens Sx0680g Sneaker,https://www.amazon.in/Sparx-SM-680-Golden-Sports-SX0680GBKGO_0007/dp/B098BBP3GB/ref=sr_1_42?keywords=men+sports+shoes&qid=1685080856&sr=8-42,"₹1,199",4.0 out of 5 stars,925
"Men's Synthetic Sports,Running,Casual Loafer Shoes for Boy's",https://www.amazon.in/ASIAN-Multicolor-Leather-Sports-Shoes/dp/B09GBGVGV2/ref=sr_1_43?keywords=men+sports+shoes&qid=1685080856&sr=8-43,₹514,3.8 out of 5 stars,"15,303"
"Crystal-13 Sports Running,Walking & Gym Shoes with Crystal Cushion Technology Lightweight Casual Sneaker Shoes for Men's & Boy's",https://www.amazon.in/ASIAN-Crystal-13-Running-Technology-Lightweight/dp/B09RXMGTM3/ref=sr_1_44?keywords=men+sports+shoes&qid=1685080856&sr=8-44,"₹1,259",3.8 out of 5 stars,"2,245"
Mens Speed Runner Lp Running Shoe,https://www.amazon.in/Reebok-Runner-Running-Shoes-9-FW1739/dp/B082QHDNW8/ref=sr_1_45?keywords=men+sports+shoes&qid=1685080856&sr=8-45,"₹1,545",4.0 out of 5 stars,"1,323"
Men's Lace Up Sports Running Outdoor Shoes,https://www.amazon.in/Lancer-Black-Hiking-Shoes-8-HECTOR-901BLK-RED-8/dp/B0821W8W14/ref=sr_1_46?keywords=men+sports+shoes&qid=1685080856&sr=8-46,₹814,3.6 out of 5 stars,779
Mens Sm-610 Running Shoe,https://www.amazon.in/Sparx-Multicolour-Running-Shoes-10-SX0610G_NVRD0010/dp/B07YQZTRZR/ref=sr_1_47?keywords=men+sports+shoes&qid=1685080856&sr=8-47,"₹1,449",4.1 out of 5 stars,159
Sm-678,https://www.amazon.in/Sparx-SX0678G-Cool-Running-Shoes/dp/B08R4YZSYC/ref=sr_1_48?keywords=men+sports+shoes&qid=1685080856&sr=8-48,"₹1,439",4.0 out of 5 stars,396
Mens 5g-820 Running Shoe,https://www.amazon.in/Campus-Renegade-Beige-Running-Shoes/dp/B08KNQ3Q3B/ref=sr_1_49?keywords=men+sports+shoes&qid=1685080856&sr=8-49,"₹1,599",3.8 out of 5 stars,"1,413"
"Men's Sports Walking Shoes | Soft Cushioned Insole, Slip-Resistance, Dynamic Feet Support, Arch Support & Shock Absorption",https://www.amazon.in/Red-Tape-Walking-Lace-Up-Perfect/dp/B0BT1JPTGQ/ref=sr_1_50?keywords=men+sports+shoes&qid=1685080856&sr=8-50,"₹1,512",2.0 out of 5 stars,1
"Men's CAPTAIN-12 Sports Running,Walking & Gym Shoes with Eva Sole Memory Form Casual Sneaker Shoes for Men's & Boy's",https://www.amazon.in/ASIAN-Captain-12-Sneakers-Lightweight-Running/dp/B08663MTWM/ref=sr_1_51?keywords=men+sports+shoes&qid=1685080856&sr=8-51,₹549,3.8 out of 5 stars,"2,415"
Mens Sx0614g Running Shoes,https://www.amazon.in/Sparx-White-Running-Shoes-10-SX0614G_WHGY0010/dp/B08FTXG4GC/ref=sr_1_52?keywords=men+sports+shoes&qid=1685080856&sr=8-52,₹999,3.9 out of 5 stars,21
Unisex-Adult Flair Low Boot,https://www.amazon.in/Puma-19511201-PUMA-Flair/dp/B08TRJ75H6/ref=sr_1_53?keywords=men+sports+shoes&qid=1685080856&sr=8-53,"₹2,059",4.0 out of 5 stars,"1,339"
"Oxygen-01 Sports Running,Walking & Gym Shoes with Oxygen Technology Lightweight Casual Sneaker Shoes for Men's & Boy's",https://www.amazon.in/ASIAN-Oxygen-01-Turquoise-Lightweight-Running/dp/B09C3XZ9K9/ref=sr_1_54?keywords=men+sports+shoes&qid=1685080856&sr=8-54,"₹1,049",3.8 out of 5 stars,"3,628"
Mens Sx0406g Running Shoes,https://www.amazon.in/Sparx-SM-666-Running-Shoe-9-SX0666GNBRD0009/dp/B08PZ6V6J9/ref=sr_1_55?keywords=men+sports+shoes&qid=1685080856&sr=8-55,"₹1,199",4.1 out of 5 stars,"2,590"
Men's Synthetic Running Shoes,https://www.amazon.in/Sparx-SM-171-Black-Green-Sports/dp/B083BX53HQ/ref=sr_1_56?keywords=men+sports+shoes&qid=1685080856&sr=8-56,"₹1,567",4.0 out of 5 stars,"6,372"
"Men's Express-08 Sports Running,Walking,Gym,Training,Casual Sneaker Lace-Up Lightweight Shoes for Men's & Boy's",https://www.amazon.in/sspa/click?ie=UTF8&spc=MToyMzUyMTI0MDk5NDE2ODY0OjE2ODUwODA4NTY6c3BfYnRmOjIwMTQ2NTY3OTA4MDk4OjowOjo&url=%2FASIAN-Express-08-Running-Training-Numeric_7%2Fdp%2FB09RKJ51TF%2Fref%3Dsr_1_57_sspa%3Fkeywords%3Dmen%2Bsports%2Bshoes%26qid%3D1685080856%26sr%3D8-57-spons%26sp_csd%3Dd2lkZ2V0TmFtZT1zcF9idGY%26psc%3D1,₹749,3.7 out of 5 stars,"1,714"
"Men's INNOVA-04 Sports Running,Walking & Gym Shoes with Max Cushion Technology Casual Sneaker Shoes for Men's & Boy's",https://www.amazon.in/sspa/click?ie=UTF8&spc=MToyMzUyMTI0MDk5NDE2ODY0OjE2ODUwODA4NTY6c3BfYnRmOjIwMTQ2NTQ2MTYzMzk4OjowOjo&url=%2FASIAN-INNOVA-04-Running-Sneaker-Technology%2Fdp%2FB09X5WQGJB%2Fref%3Dsr_1_58_sspa%3Fkeywords%3Dmen%2Bsports%2Bshoes%26qid%3D1685080856%26sr%3D8-58-spons%26sp_csd%3Dd2lkZ2V0TmFtZT1zcF9idGY%26psc%3D1,"₹1,099",3.7 out of 5 stars,886
"Men's Creta-12 Men's Running Shoes with Breathable Knitted Upper | Gym,Training, Running Shoes for Men's & Boy's",https://www.amazon.in/sspa/click?ie=UTF8&spc=MToyMzUyMTI0MDk5NDE2ODY0OjE2ODUwODA4NTY6c3BfYnRmOjIwMTQyNTY1OTk1NDk4OjowOjo&url=%2FASIAN-Creta-12-Lightgrey-Walking-Training%2Fdp%2FB096SPCGJ3%2Fref%3Dsr_1_59_sspa%3Fkeywords%3Dmen%2Bsports%2Bshoes%26qid%3D1685080856%26sr%3D8-59-spons%26sp_csd%3Dd2lkZ2V0TmFtZT1zcF9idGY%26psc%3D1,₹749,3.7 out of 5 stars,"13,375"
"Men's STUSSYY Comfortable, Walking, Stylish, Gym, Training, Sneakers, Running Shoe",https://www.amazon.in/sspa/click?ie=UTF8&spc=MToyMzUyMTI0MDk5NDE2ODY0OjE2ODUwODA4NTY6c3BfYnRmOjIwMTI5NDA3MTE3NTk4OjowOjo&url=%2FOFF-LIMITS-STUSSYY-Memory-Running%2Fdp%2FB0B42Z98YT%2Fref%3Dsr_1_60_sspa%3Fkeywords%3Dmen%2Bsports%2Bshoes%26qid%3D1685080856%26sr%3D8-60-spons%26sp_csd%3Dd2lkZ2V0TmFtZT1zcF9idGY%26psc%3D1,"₹1,890",3.5 out of 5 stars,57
"Men's SHOCKER-01 Sports Running,Walking,Gym Shoes with Lightweight Phylon Sole with Memory Foam Casual Sneaker Shoes for Men's & Boy's",https://www.amazon.in/sspa/click?ie=UTF8&spc=MTo3NjMxNDY4MjYyNjc3MTM3OjE2ODUwODA4NjY6c3BfYXRmX25leHQ6MjAxNDY2MDY4NTUyOTg6OjA6Og&url=%2FASIAN-SHOCKER-01-Running-Walking-Lightweight%2Fdp%2FB0C27MYCFX%2Fref%3Dsr_1_49_sspa%3Fkeywords%3Dmen%2Bsports%2Bshoes%26qid%3D1685080866%26sr%3D8-49-spons%26sp_csd%3Dd2lkZ2V0TmFtZT1zcF9hdGZfbmV4dA%26psc%3D1,"₹1,399",5.0 out of 5 stars,4
"Men's Cosco-13 Sports Running,Walking & Gym, School Shoes Lightweight Eva Sole Extra Jump Casual Sneaker Lace-Up Shoes for Men's & Boy's",https://www.amazon.in/sspa/click?ie=UTF8&spc=MTo3NjMxNDY4MjYyNjc3MTM3OjE2ODUwODA4NjY6c3BfYXRmX25leHQ6MjAxNDY1Njc5MDgxOTg6OjA6Og&url=%2FASIAN-Wonder-13-Running-Walking-Lightweight%2Fdp%2FB0BC22BSMP%2Fref%3Dsr_1_50_sspa%3Fkeywords%3Dmen%2Bsports%2Bshoes%26qid%3D1685080866%26sr%3D8-50-spons%26sp_csd%3Dd2lkZ2V0TmFtZT1zcF9hdGZfbmV4dA%26psc%3D1,₹649,3.8 out of 5 stars,"3,629"
"Men's ZIGZAG-01 Sport Running,Walking,Gym Shoes with Cushioning Material,Extra Jump Lightweight Shoes TPR Outsole with Memory Foam Insole Casual Shoes for Men's & Boy's",https://www.amazon.in/sspa/click?ie=UTF8&spc=MTo3NjMxNDY4MjYyNjc3MTM3OjE2ODUwODA4NjY6c3BfYXRmX25leHQ6MjAxNDY2MDY4NTQ4OTg6OjA6Og&url=%2FASIAN-ZIGZAG-01-Cushioning-Material-Lightweight%2Fdp%2FB0C16Y5T74%2Fref%3Dsr_1_51_sspa%3Fkeywords%3Dmen%2Bsports%2Bshoes%26qid%3D1685080866%26sr%3D8-51-spons%26sp_csd%3Dd2lkZ2V0TmFtZT1zcF9hdGZfbmV4dA%26psc%3D1,"₹1,149",4.1 out of 5 stars,8
"Men's Newton-01 Sports Running Shoes Latest Stylish Casual Sneakers,Lace up Lightweight Shoes for Running",https://www.amazon.in/sspa/click?ie=UTF8&spc=MTo3NjMxNDY4MjYyNjc3MTM3OjE2ODUwODA4NjY6c3BfYXRmX25leHQ6MjAwNzU4MTMxMDEyOTg6OjA6Og&url=%2FASIAN-Newton-01-Running-Sneakers-Lightweight%2Fdp%2FB0B3VLCYDL%2Fref%3Dsr_1_52_sspa%3Fkeywords%3Dmen%2Bsports%2Bshoes%26qid%3D1685080866%26sr%3D8-52-spons%26sp_csd%3Dd2lkZ2V0TmFtZT1zcF9hdGZfbmV4dA%26psc%3D1,₹635,3.5 out of 5 stars,155
Men T. Blue Silver,https://www.amazon.in/Sparx-Mens-Silver-Sneakers-7-SX0421G_TBSL0007/dp/B07YM1Z4FP/ref=sr_1_53?keywords=men+sports+shoes&qid=1685080866&sr=8-53,₹839,3.9 out of 5 stars,227
Men's Black Golden Running Shoe (SM-661),https://www.amazon.in/Sparx-Black-Golden-Running-SM-661/dp/B099ZXMJMN/ref=sr_1_54?keywords=men+sports+shoes&qid=1685080866&sr=8-54,"₹1,199",3.6 out of 5 stars,384
Men's Simba PRO Running Shoes,https://www.amazon.in/Campus-Simba-Turq-BLU-Pista-Running/dp/B08R1ZXXKB/ref=sr_1_55?keywords=men+sports+shoes&qid=1685080866&sr=8-55,₹959,4.0 out of 5 stars,"1,242"
"Shoes for Exclusive Trendy, Casual, Sports Shoes for Men, Running Shoes for Men (Black, Red)",https://www.amazon.in/BRUTON-Shoes-Exclusive-Trendy-Numeric_10/dp/B0BH8228D4/ref=sr_1_56?keywords=men+sports+shoes&qid=1685080866&sr=8-56,₹279,2.9 out of 5 stars,100
Mens Sx0661g Running Shoe,https://www.amazon.in/Sparx-SM-661-Olive-Sports-SX0661GOLHN0009/dp/B08WJ1QT5G/ref=sr_1_57?keywords=men+sports+shoes&qid=1685080866&sr=8-57,"₹1,039",3.9 out of 5 stars,"1,469"
Mens Sm 651 Industrial Shoe,https://www.amazon.in/Sparx-SM-651-Yellow-Running-SX0651GOLGD0009/dp/B08PWYCQZ4/ref=sr_1_58?keywords=men+sports+shoes&qid=1685080866&sr=8-58,₹839,4.2 out of 5 stars,"9,254"
Sm-676,https://www.amazon.in/Sparx-SM-676-Forest-G-Yellow-Sports/dp/B0924TLJPP/ref=sr_1_59?keywords=men+sports+shoes&qid=1685080866&sr=8-59,"₹1,371",3.9 out of 5 stars,"1,484"
Merage M,https://www.amazon.in/Adidas-Merage-Altered-Scarlet-GA1099/dp/B096NC65VQ/ref=sr_1_60?keywords=men+sports+shoes&qid=1685080866&sr=8-60,"₹2,243",4.2 out of 5 stars,170
Mens Syrus Running Shoes,https://www.amazon.in/Campus-Syrus-BLU-RED-Sports-Running/dp/B08BNHMVJH/ref=sr_1_61?keywords=men+sports+shoes&qid=1685080866&sr=8-61,"₹1,299",4.0 out of 5 stars,"4,121"
Men's Gel-Contend 5B Black/Orange Pop Running Shoe (1011B083.003),https://www.amazon.in/ASICS-Gel-Contend-Indigo-Classic-Running/dp/B0B4P6QWTP/ref=sr_1_62?keywords=men+sports+shoes&qid=1685080866&sr=8-62,"₹3,009",4.0 out of 5 stars,650
Men's Synthetic Lace-Up Running Shoes Gym Shoes Training Shoes Walking Shoes Sports for Men Jordan Sneaker Canvas Ankal High Boat Shoes Long Boot Trending Shoes,https://www.amazon.in/ULAZO-Synthetic-Lace-Up-Training-Trending/dp/B0BXD7BCW4/ref=sr_1_63?keywords=men+sports+shoes&qid=1685080866&sr=8-63,₹599,4.1 out of 5 stars,9
Men ELOISE-1E N.Blue Running Shoes,https://www.amazon.in/Liberty-Eloise-1e-Walking-Shoes-8-55800011/dp/B084F9C5K6/ref=sr_1_64?keywords=men+sports+shoes&qid=1685080866&sr=8-64,₹474,3.7 out of 5 stars,629
"Training,Walking,Cricket,Gym,Running Comfortable Sports Shoes for Men",https://www.amazon.in/Allen-Cooper-Sports-Shoes-601G/dp/B09QHSTQ48/ref=sr_1_65?keywords=men+sports+shoes&qid=1685080866&sr=8-65,"₹1,398",3.7 out of 5 stars,210
Nrgy Comet Adults Unisex Black Nrgy,https://www.amazon.in/Unisexs-Black-Ultra-Gray-Dark-Walking-19055638/dp/B08D984GTP/ref=sr_1_66?keywords=men+sports+shoes&qid=1685080866&sr=8-66,"₹2,024",4.0 out of 5 stars,"3,574"
Mens Sx0680g Running Shoe,https://www.amazon.in/Sparx-SM-680-Sports-Shoes-SX0680GGYRD0009/dp/B09BZPW4ZK/ref=sr_1_67?keywords=men+sports+shoes&qid=1685080866&sr=8-67,"₹1,198",4.2 out of 5 stars,125
Mens Sx0421g Running Shoes,https://www.amazon.in/Sparx-Mens-Silver-Sneakers-9-SX0421G_TBSL0009/dp/B07YM2G3V4/ref=sr_1_68?keywords=men+sports+shoes&qid=1685080866&sr=8-68,₹846,4.1 out of 5 stars,498
"Sneaker Casual Shoes for Men | Soft Cushioned Insole, Slip-Resistance, Dynamic Feet Support, Arch Support & Shock Absorption",https://www.amazon.in/sspa/click?ie=UTF8&spc=MTo3NjMxNDY4MjYyNjc3MTM3OjE2ODUwODA4NjY6c3BfbXRmOjIwMTQxNDcxMjU0ODk4OjowOjo&url=%2FRed-Tape-Slip-Resistance-Absorption-RSO2771%2Fdp%2FB0BWRB18MG%2Fref%3Dsr_1_69_sspa%3Fkeywords%3Dmen%2Bsports%2Bshoes%26qid%3D1685080866%26sr%3D8-69-spons%26sp_csd%3Dd2lkZ2V0TmFtZT1zcF9tdGY%26psc%3D1,"₹1,517",4.0 out of 5 stars,217
"Men's AIRWEAVE-02 Sports Running,Walking,Gym Shoes with Lightweight Phylon Sole with Memory Foam Casual Sneaker Shoes for Men's & Boy's",https://www.amazon.in/sspa/click?ie=UTF8&spc=MTo3NjMxNDY4MjYyNjc3MTM3OjE2ODUwODA4NjY6c3BfbXRmOjIwMTQ2MDczMjY2Nzk4OjowOjo&url=%2FASIAN-AIRWEAVE-02-Running-Walking-Lightweight%2Fdp%2FB0C1Z7XTSB%2Fref%3Dsr_1_70_sspa%3Fkeywords%3Dmen%2Bsports%2Bshoes%26qid%3D1685080866%26sr%3D8-70-spons%26sp_csd%3Dd2lkZ2V0TmFtZT1zcF9tdGY%26psc%3D1,"₹1,699",4.3 out of 5 stars,8
"Men's Newton-09 Sports Running,Walking & Gym Shoes with SoleFlex Technology Casual Sneaker Shoes for Men's & Boy's",https://www.amazon.in/sspa/click?ie=UTF8&spc=MTo3NjMxNDY4MjYyNjc3MTM3OjE2ODUwODA4NjY6c3BfbXRmOjIwMTQzNjYyMzg4OTk4OjowOjo&url=%2FASIAN-Newton-09-Running-SoleFlex-Technology%2Fdp%2FB0B7S6193W%2Fref%3Dsr_1_71_sspa%3Fkeywords%3Dmen%2Bsports%2Bshoes%26qid%3D1685080866%26sr%3D8-71-spons%26sp_csd%3Dd2lkZ2V0TmFtZT1zcF9tdGY%26psc%3D1,₹539,3.9 out of 5 stars,198
"Men's Metacushion-02 Sports Running,Walking,Gym Shoes with Lightweight Phylon Sole with Memory Foam Insole Casual White Sneaker Shoes for Men's & Boy's",https://www.amazon.in/sspa/click?ie=UTF8&spc=MTo3NjMxNDY4MjYyNjc3MTM3OjE2ODUwODA4NjY6c3BfbXRmOjIwMTU0NDM4NTAyMzk4OjowOjo&url=%2FASIAN-Metacushion-02-Running-Walking-Lightweight%2Fdp%2FB0BYS95CTQ%2Fref%3Dsr_1_72_sspa%3Fkeywords%3Dmen%2Bsports%2Bshoes%26qid%3D1685080866%26sr%3D8-72-spons%26sp_csd%3Dd2lkZ2V0TmFtZT1zcF9tdGY%26psc%3D1,"₹1,439",4.6 out of 5 stars,11
Sparx Mens SM-727 Running Shoes,https://www.amazon.in/Sparx-SM-727-Mallard-Sports-SX0727G_MYRD_0008/dp/B0B5F64HVC/ref=sr_1_73?keywords=men+sports+shoes&qid=1685080866&sr=8-73,₹811,3.0 out of 5 stars,10
Mens Sm-708 Sneaker,https://www.amazon.in/Sparx-SM-708-Forest-Golden-SX0708G_GFGO_0008/dp/B09KPPF3GG/ref=sr_1_74?keywords=men+sports+shoes&qid=1685080866&sr=8-74,"₹1,119",3.9 out of 5 stars,196
Mens Sx0716g Running Shoe,https://www.amazon.in/Sparx-SM-716-Atlantic-Sports-SX0716G_ABRD_0008/dp/B09KH2CPXV/ref=sr_1_75?keywords=men+sports+shoes&qid=1685080866&sr=8-75,"₹1,399",3.8 out of 5 stars,78
Men's Plasma Sports Running Shoe,https://www.amazon.in/Columbus-Plasma-Sports-Running-India-9/dp/B09ZSSLP45/ref=sr_1_76?keywords=men+sports+shoes&qid=1685080866&sr=8-76,₹999,3.8 out of 5 stars,380
Mens Ardito Plus Sneaker,https://www.amazon.in/Fila-Mens-Running-Shoes-11010710/dp/B0BB1X81Z3/ref=sr_1_77?keywords=men+sports+shoes&qid=1685080866&sr=8-77,"₹1,599",3.7 out of 5 stars,83
Mens 6066-03 Running Shoe,https://www.amazon.in/Centrino-Sports-Shoe-D-Grey-6066-02/dp/B09Q6CVG39/ref=sr_1_78?keywords=men+sports+shoes&qid=1685080866&sr=8-78,₹589,3.7 out of 5 stars,125
Men's Polyester Gel Verdict Badminton Shoes,https://www.amazon.in/Nivia-Synthetic-Leather-Sports-Shoes/dp/B074NWYSZ3/ref=sr_1_79?keywords=men+sports+shoes&qid=1685080866&sr=8-79,"₹1,223",4.0 out of 5 stars,"1,168"
Mens Maximal Comfort-everglide Range Walking Shoe,https://www.amazon.in/Puma-Maximal-Comfort-Everglide-Gibraltar-Sea-Silver/dp/B0B51FQ2KS/ref=sr_1_80?keywords=men+sports+shoes&qid=1685080866&sr=8-80,"₹2,499",4.0 out of 5 stars,"1,928"
Mens Sx0657g Sneaker,https://www.amazon.in/Sparx-SM-657-Black-Golden-Sports/dp/B091384HG4/ref=sr_1_81?keywords=men+sports+shoes&qid=1685080866&sr=8-81,"₹1,319",4.2 out of 5 stars,174
Men's Boss ASSG1123 Sports Shoes,https://www.amazon.in/ABROS-ASSG1123-Sports-Shoes_Eng-Grey-Navy_10UK/dp/B0BVZ6718N/ref=sr_1_82?keywords=men+sports+shoes&qid=1685080866&sr=8-82,"₹1,439",3.3 out of 5 stars,33
Mens Axelate M Shoes,https://www.amazon.in/Adidas-Axelate-Black-White-GA1167/dp/B096NCHN7F/ref=sr_1_83?keywords=men+sports+shoes&qid=1685080866&sr=8-83,"₹2,382",4.1 out of 5 stars,261
Mens T-02 Running Shoes,https://www.amazon.in/URJO-Mens-Sports-Shoes-Brown/dp/B09BN4GG4T/ref=sr_1_84?keywords=men+sports+shoes&qid=1685080866&sr=8-84,₹699,3.8 out of 5 stars,676
Mens Aero Knit Running Shoe,https://www.amazon.in/Power-Mens-Aero-Sports-Shoes/dp/B095X5J77N/ref=sr_1_85?keywords=men+sports+shoes&qid=1685080866&sr=8-85,"₹1,164",4.1 out of 5 stars,334
"Power Smash Tennis Shoes, Indoor Court Shoes, Table-Shoes, Shoes for Men with Non-Marking Rounds More Stability and Better Agility, Comfortable Shoes,",https://www.amazon.in/Nivia-679WT-POWERMASH-Tennis-Shoes/dp/B08KWCM9TV/ref=sr_1_86?keywords=men+sports+shoes&qid=1685080866&sr=8-86,"₹2,175",3.8 out of 5 stars,512
Men CONALL Running Shoes,https://www.amazon.in/Campus-CONALL-Running-Shoes-India/dp/B0B432BQ3W/ref=sr_1_87?keywords=men+sports+shoes&qid=1685080866&sr=8-87,"₹1,099",3.9 out of 5 stars,97
Mens Adi-pace M Running Shoe,https://www.amazon.in/Adidas-Mens-Adi-Pace-Running-Black/dp/B08TM6Z8VH/ref=sr_1_88?keywords=men+sports+shoes&qid=1685080866&sr=8-88,"₹2,355",3.6 out of 5 stars,517
Mens Sx0718g Running Shoe,https://www.amazon.in/Sparx-SM-718-White-Sports-SX0718G_WHGY_0007/dp/B09PVHFVNR/ref=sr_1_89?keywords=men+sports+shoes&qid=1685080866&sr=8-89,"₹1,675",3.8 out of 5 stars,266
Mens Sx0379g Running Shoes,https://www.amazon.in/Sparx-Green-Running-Shoes-9-SX0379G_GYFG0009/dp/B07YP15Q44/ref=sr_1_90?keywords=men+sports+shoes&qid=1685080866&sr=8-90,"₹1,228",4.1 out of 5 stars,"5,522"
Nivia Crick 1000 Cricket Shoes for Mens | Phylon & TPU Sole with Mesh and PVC Synthetic Leather Upper |A Moulded Removable P.U(SPORTHO Foot Bounce) Sockliner (Aster Blue/White) UK-8,https://www.amazon.in/Nivia-Crick-Cricket-Shoes-Aster/dp/B09RQPN4NG/ref=sr_1_91?keywords=men+sports+shoes&qid=1685080866&sr=8-91,"₹1,707
05",4.3 out of 5 stars,75
Men's Brizo Slip Running Shoe,https://www.amazon.in/Power-Mens-Brizo-Sports-Shoes/dp/B095X7XMJF/ref=sr_1_92?keywords=men+sports+shoes&qid=1685080866&sr=8-92,₹822,3.5 out of 5 stars,50
Mens Sm-610 Running Shoe,https://www.amazon.in/Sparx-Black-Running-Shoes-7-SX0610G_BKGN0007/dp/B07YQZXKZ5/ref=sr_1_93?keywords=men+sports+shoes&qid=1685080866&sr=8-93,"₹1,006",4.0 out of 5 stars,"8,194"
Men's Sx0676g Running Shoes,https://www.amazon.in/Sparx-Mens-Running-Shoes-10-SX0676G_NBRD0010/dp/B08QP6FHJR/ref=sr_1_94?keywords=men+sports+shoes&qid=1685080866&sr=8-94,"₹1,119",3.9 out of 5 stars,580
Mens Sm-707 Sneaker,https://www.amazon.in/Sparx-SM-707-Copper-Sports-SX0707GBKCP0009/dp/B09TWFKCVS/ref=sr_1_95?keywords=men+sports+shoes&qid=1685080866&sr=8-95,₹734,3.9 out of 5 stars,9
Mens Sm-702 Sneaker,https://www.amazon.in/Sparx-SM-702-Atlantic-Sports-SX0702G_ABNB_0007/dp/B09TWD4J2D/ref=sr_1_96?keywords=men+sports+shoes&qid=1685080866&sr=8-96,"₹1,249",3.9 out of 5 stars,461
Mens Sm-438 Sneaker,https://www.amazon.in/Sparx-Trending-Footwear-Outdoor-Official/dp/B09HKYPWT7/ref=sr_1_97?keywords=men+sports+shoes&qid=1685080866&sr=8-97,"₹1,439",3.5 out of 5 stars,13
Men's Gel-Rocket 10 White/Velvet Pine Platform (1071A054.107),https://www.amazon.in/ASICS-Gel-Rocket-Black-Indoor-Sports/dp/B0BRB3648B/ref=sr_1_98?keywords=men+sports+shoes&qid=1685080866&sr=8-98,"₹5,399",4.5 out of 5 stars,210
Men's Draco ASGO0113 Sports Shoes/Casual Shoes/Running Shoes,https://www.amazon.in/ABROS-ASGO0113-Sports-Shoes_Navy-L-Grey_7UK/dp/B0BCSVMK7C/ref=sr_1_99?keywords=men+sports+shoes&qid=1685080866&sr=8-99,₹707,4.0 out of 5 stars,17
by Red Chief Sports Shoes for Men R1043 C1246,https://www.amazon.in/FURO-Redchief-R1043-001-Numeric_7/dp/B08P5QL37P/ref=sr_1_100?keywords=men+sports+shoes&qid=1685080866&sr=8-100,"₹1,763",4.0 out of 5 stars,57
Men's Electro Running Shoes,https://www.amazon.in/Campus-Electro-L-Beige-Running-Shoes/dp/B09SY82WVZ/ref=sr_1_101?keywords=men+sports+shoes&qid=1685080866&sr=8-101,"₹1,264",3.7 out of 5 stars,54
Men Sports Shoes,https://www.amazon.in/Sparx-SM-484-Green-Sports-Shoes/dp/B083WGSWKV/ref=sr_1_102?keywords=men+sports+shoes&qid=1685080866&sr=8-102,"₹1,159",3.9 out of 5 stars,"2,064"
Mens Brett Casual Shoes,https://www.amazon.in/Power-Oxfords-Uniform-Dress-8396726_Black_8/dp/B09WDYW7LD/ref=sr_1_103?keywords=men+sports+shoes&qid=1685080866&sr=8-103,"₹1,189",3.7 out of 5 stars,110
Men's Sm-678 Running Shoe,https://www.amazon.in/Sparx-Mens-Cool-Running-SM-678/dp/B09CH42X1Z/ref=sr_1_104?keywords=men+sports+shoes&qid=1685080866&sr=8-104,"₹1,439",4.1 out of 5 stars,"1,709"
"Men's STUSSYY Comfortable, Walking, Stylish, Gym, Training, Sneakers, Running Shoe",https://www.amazon.in/sspa/click?ie=UTF8&spc=MTo3NjMxNDY4MjYyNjc3MTM3OjE2ODUwODA4NjY6c3BfYnRmOjIwMTI5NDA3MTE3Njk4OjowOjo&url=%2FOFF-LIMITS-STUSSYY-Memory-Running%2Fdp%2FB0B42XCQHH%2Fref%3Dsr_1_105_sspa%3Fkeywords%3Dmen%2Bsports%2Bshoes%26qid%3D1685080866%26sr%3D8-105-spons%26sp_csd%3Dd2lkZ2V0TmFtZT1zcF9idGY%26psc%3D1,"₹1,890",3.5 out of 5 stars,57
"Men's Creta-12 Men's Running Shoes with Breathable Knitted Upper | Gym,Training, Running Shoes for Men's & Boy's",https://www.amazon.in/sspa/click?ie=UTF8&spc=MTo3NjMxNDY4MjYyNjc3MTM3OjE2ODUwODA4NjY6c3BfYnRmOjIwMTQyNTY1OTk1NTk4OjowOjo&url=%2FASIAN-Creta-12-Lightgrey-Walking-Training%2Fdp%2FB096SQL6CX%2Fref%3Dsr_1_106_sspa%3Fkeywords%3Dmen%2Bsports%2Bshoes%26qid%3D1685080866%26sr%3D8-106-spons%26sp_csd%3Dd2lkZ2V0TmFtZT1zcF9idGY%26psc%3D1,₹749,3.7 out of 5 stars,"13,375"
Men's Royce-2 Running Shoes,https://www.amazon.in/sspa/click?ie=UTF8&spc=MTo3NjMxNDY4MjYyNjc3MTM3OjE2ODUwODA4NjY6c3BfYnRmOjIwMDc3MTczNTg5OTk4OjowOjo&url=%2FCampus-Royce-2-Running-Shoes-7-CG-248%2Fdp%2FB07NDF747Q%2Fref%3Dsr_1_107_sspa%3Fkeywords%3Dmen%2Bsports%2Bshoes%26qid%3D1685080866%26sr%3D8-107-spons%26sp_csd%3Dd2lkZ2V0TmFtZT1zcF9idGY%26psc%3D1,₹849,4.0 out of 5 stars,"11,134"
"Men's AIRWEAVE-01 Sports Running,Walking,Gym Shoes with Lightweight Phylon Sole with Memory Foam Casual Sneaker Shoes for Men's & Boy's",https://www.amazon.in/sspa/click?ie=UTF8&spc=MTo3NjMxNDY4MjYyNjc3MTM3OjE2ODUwODA4NjY6c3BfYnRmOjIwMTQxOTM4NjQyNDk4OjowOjo&url=%2FASIAN-AIRWEAVE-01-Running-Walking-Lightweight%2Fdp%2FB0BZL3QZJV%2Fref%3Dsr_1_108_sspa%3Fkeywords%3Dmen%2Bsports%2Bshoes%26qid%3D1685080866%26sr%3D8-108-spons%26sp_csd%3Dd2lkZ2V0TmFtZT1zcF9idGY%26psc%3D1,"₹1,699",5.0 out of 5 stars,7
"Men's Newton-09 Sports Running,Walking & Gym Shoes with SoleFlex Technology Casual Sneaker Shoes for Men's & Boy's",https://www.amazon.in/sspa/click?ie=UTF8&spc=MTo5MTE1Nzg1NzA0MDIxMDk6MTY4NTA4MDg3MzpzcF9hdGZfbmV4dDoyMDE0MzY2MjM4ODg5ODo6MDo6&url=%2FASIAN-Newton-09-Running-SoleFlex-Technology%2Fdp%2FB0B7S6XV32%2Fref%3Dsr_1_97_sspa%3Fkeywords%3Dmen%2Bsports%2Bshoes%26qid%3D1685080873%26sr%3D8-97-spons%26sp_csd%3Dd2lkZ2V0TmFtZT1zcF9hdGZfbmV4dA%26psc%3D1,₹539,3.9 out of 5 stars,198
"Men's STUSSYY Comfortable, Walking, Stylish, Gym, Training, Sneakers, Running Shoe",https://www.amazon.in/sspa/click?ie=UTF8&spc=MTo5MTE1Nzg1NzA0MDIxMDk6MTY4NTA4MDg3MzpzcF9hdGZfbmV4dDoyMDEyOTQwNzExNzQ5ODo6MDo6&url=%2FOFF-LIMITS-STUSSYY-Memory-Running%2Fdp%2FB0B42W8B1W%2Fref%3Dsr_1_98_sspa%3Fkeywords%3Dmen%2Bsports%2Bshoes%26qid%3D1685080873%26sr%3D8-98-spons%26sp_csd%3Dd2lkZ2V0TmFtZT1zcF9hdGZfbmV4dA%26psc%3D1,"₹1,890",3.5 out of 5 stars,57
"Men's AIRWEAVE-01 Sports Running,Walking,Gym Shoes with Lightweight Phylon Sole with Memory Foam Casual Sneaker Shoes for Men's & Boy's",https://www.amazon.in/sspa/click?ie=UTF8&spc=MTo5MTE1Nzg1NzA0MDIxMDk6MTY4NTA4MDg3MzpzcF9hdGZfbmV4dDoyMDE0MTkzODY0MTQ5ODo6MDo6&url=%2FASIAN-AIRWEAVE-01-Running-Walking-Lightweight%2Fdp%2FB0BZKZR563%2Fref%3Dsr_1_99_sspa%3Fkeywords%3Dmen%2Bsports%2Bshoes%26qid%3D1685080873%26sr%3D8-99-spons%26sp_csd%3Dd2lkZ2V0TmFtZT1zcF9hdGZfbmV4dA%26psc%3D1,"₹1,699",5.0 out of 5 stars,7
"Sneaker Casual Shoes for Men | Soft Cushioned Insole, Slip-Resistance, Dynamic Feet Support, Arch Support & Shock Absorption",https://www.amazon.in/sspa/click?ie=UTF8&spc=MTo5MTE1Nzg1NzA0MDIxMDk6MTY4NTA4MDg3MzpzcF9hdGZfbmV4dDoyMDE0MTQ3MTI1NTE5ODo6MDo6&url=%2FRed-Tape-Slip-Resistance-Absorption-RSO2771%2Fdp%2FB0BWR9GZXF%2Fref%3Dsr_1_100_sspa%3Fkeywords%3Dmen%2Bsports%2Bshoes%26qid%3D1685080873%26sr%3D8-100-spons%26sp_csd%3Dd2lkZ2V0TmFtZT1zcF9hdGZfbmV4dA%26psc%3D1,"₹1,517",4.0 out of 5 stars,217
Men CONALL Running Shoes,https://www.amazon.in/Campus-CONALL-Running-Shoes-India/dp/B0B432BQ3W/ref=sr_1_101?keywords=men+sports+shoes&qid=1685080873&sr=8-101,"₹1,099",3.9 out of 5 stars,97
Mens Adi-pace M Running Shoe,https://www.amazon.in/Adidas-Mens-Adi-Pace-Running-Black/dp/B08TM6Z8VH/ref=sr_1_102?keywords=men+sports+shoes&qid=1685080873&sr=8-102,"₹2,355",3.6 out of 5 stars,517
Mens Sx0718g Running Shoe,https://www.amazon.in/Sparx-SM-718-White-Sports-SX0718G_WHGY_0007/dp/B09PVHFVNR/ref=sr_1_103?keywords=men+sports+shoes&qid=1685080873&sr=8-103,"₹1,675",3.8 out of 5 stars,266
Mens Sx0379g Running Shoes,https://www.amazon.in/Sparx-Green-Running-Shoes-9-SX0379G_GYFG0009/dp/B07YP15Q44/ref=sr_1_104?keywords=men+sports+shoes&qid=1685080873&sr=8-104,"₹1,228",4.1 out of 5 stars,"5,522"
Nivia Crick 1000 Cricket Shoes for Mens | Phylon & TPU Sole with Mesh and PVC Synthetic Leather Upper |A Moulded Removable P.U(SPORTHO Foot Bounce) Sockliner (Aster Blue/White) UK-8,https://www.amazon.in/Nivia-Crick-Cricket-Shoes-Aster/dp/B09RQPN4NG/ref=sr_1_105?keywords=men+sports+shoes&qid=1685080873&sr=8-105,"₹1,707
05",4.3 out of 5 stars,75
Men's Brizo Slip Running Shoe,https://www.amazon.in/Power-Mens-Brizo-Sports-Shoes/dp/B095X7XMJF/ref=sr_1_106?keywords=men+sports+shoes&qid=1685080873&sr=8-106,₹822,3.5 out of 5 stars,50
Mens Sm-610 Running Shoe,https://www.amazon.in/Sparx-Black-Running-Shoes-7-SX0610G_BKGN0007/dp/B07YQZXKZ5/ref=sr_1_107?keywords=men+sports+shoes&qid=1685080873&sr=8-107,"₹1,006",4.0 out of 5 stars,"8,194"
Men's Sx0676g Running Shoes,https://www.amazon.in/Sparx-Mens-Running-Shoes-10-SX0676G_NBRD0010/dp/B08QP6FHJR/ref=sr_1_108?keywords=men+sports+shoes&qid=1685080873&sr=8-108,"₹1,119",3.9 out of 5 stars,580
Mens Sm-707 Sneaker,https://www.amazon.in/Sparx-SM-707-Copper-Sports-SX0707GBKCP0009/dp/B09TWFKCVS/ref=sr_1_109?keywords=men+sports+shoes&qid=1685080873&sr=8-109,₹734,3.9 out of 5 stars,9
Mens Sm-702 Sneaker,https://www.amazon.in/Sparx-SM-702-Atlantic-Sports-SX0702G_ABNB_0007/dp/B09TWD4J2D/ref=sr_1_110?keywords=men+sports+shoes&qid=1685080873&sr=8-110,"₹1,249",3.9 out of 5 stars,461
Mens Sm-438 Sneaker,https://www.amazon.in/Sparx-Trending-Footwear-Outdoor-Official/dp/B09HKYPWT7/ref=sr_1_111?keywords=men+sports+shoes&qid=1685080873&sr=8-111,"₹1,439",3.5 out of 5 stars,13
Force 10 Sports Shoes for Men,https://www.amazon.in/Liberty-Force-Sports-Shoes-Black/dp/B0BLS4MF7Y/ref=sr_1_112?keywords=men+sports+shoes&qid=1685080873&sr=8-112,₹999,4.2 out of 5 stars,19
Men's Gel-Rocket 10 White/Velvet Pine Platform (1071A054.107),https://www.amazon.in/ASICS-Gel-Rocket-Black-Indoor-Sports/dp/B0BRB3648B/ref=sr_1_113?keywords=men+sports+shoes&qid=1685080873&sr=8-113,"₹5,399",4.5 out of 5 stars,210
Men's Draco ASGO0113 Sports Shoes/Casual Shoes/Running Shoes,https://www.amazon.in/ABROS-ASGO0113-Sports-Shoes_Navy-L-Grey_7UK/dp/B0BCSVMK7C/ref=sr_1_114?keywords=men+sports+shoes&qid=1685080873&sr=8-114,₹707,4.0 out of 5 stars,17
by Red Chief Sports Shoes for Men R1043 C1246,https://www.amazon.in/FURO-Redchief-R1043-001-Numeric_7/dp/B08P5QL37P/ref=sr_1_115?keywords=men+sports+shoes&qid=1685080873&sr=8-115,"₹1,763",4.0 out of 5 stars,57
Men's Electro Running Shoes,https://www.amazon.in/Campus-Electro-L-Beige-Running-Shoes/dp/B09SY82WVZ/ref=sr_1_116?keywords=men+sports+shoes&qid=1685080873&sr=8-116,"₹1,264",3.7 out of 5 stars,54
"Men's SHOCKER-01 Sports Running,Walking,Gym Shoes with Lightweight Phylon Sole with Memory Foam Casual Sneaker Shoes for Men's & Boy's",https://www.amazon.in/sspa/click?ie=UTF8&spc=MTo5MTE1Nzg1NzA0MDIxMDk6MTY4NTA4MDg3MzpzcF9tdGY6MjAxNDY2MDY4NTUxOTg6OjA6Og&url=%2FASIAN-SHOCKER-01-Running-Walking-Lightweight%2Fdp%2FB0C27L4PL1%2Fref%3Dsr_1_117_sspa%3Fkeywords%3Dmen%2Bsports%2Bshoes%26qid%3D1685080873%26sr%3D8-117-spons%26sp_csd%3Dd2lkZ2V0TmFtZT1zcF9tdGY%26psc%3D1,"₹1,399",5.0 out of 5 stars,4
"Men's Metacushion-02 Sports Running,Walking,Gym Shoes with Lightweight Phylon Sole with Memory Foam Insole Casual White Sneaker Shoes for Men's & Boy's",https://www.amazon.in/sspa/click?ie=UTF8&spc=MTo5MTE1Nzg1NzA0MDIxMDk6MTY4NTA4MDg3MzpzcF9tdGY6MjAxNTQ0Mzg1MDI0OTg6OjA6Og&url=%2FASIAN-Metacushion-02-Running-Walking-Lightweight%2Fdp%2FB0BYS9QRDH%2Fref%3Dsr_1_118_sspa%3Fkeywords%3Dmen%2Bsports%2Bshoes%26qid%3D1685080873%26sr%3D8-118-spons%26sp_csd%3Dd2lkZ2V0TmFtZT1zcF9tdGY%26psc%3D1,"₹1,439",4.6 out of 5 stars,11
Men's North Plus Running Shoes,https://www.amazon.in/sspa/click?ie=UTF8&spc=MTo5MTE1Nzg1NzA0MDIxMDk6MTY4NTA4MDg3MzpzcF9tdGY6MjAwMjYwODYwMTY1OTg6OjA6Og&url=%2FCampus-North-Yellow-Running-Shoes%2Fdp%2FB08PSMJ7CH%2Fref%3Dsr_1_119_sspa%3Fkeywords%3Dmen%2Bsports%2Bshoes%26qid%3D1685080873%26sr%3D8-119-spons%26sp_csd%3Dd2lkZ2V0TmFtZT1zcF9tdGY%26psc%3D1,"₹1,299",3.9 out of 5 stars,"7,773"
Mens Fanatic Running Shoe,https://www.amazon.in/sspa/click?ie=UTF8&spc=MTo5MTE1Nzg1NzA0MDIxMDk6MTY4NTA4MDg3MzpzcF9tdGY6MjAxNTIzMTYwMDMxOTg6OjA6Og&url=%2FAmazon-Brand-Symactive-Sports-AW21-SYM-10%2Fdp%2FB09CTDLJF4%2Fref%3Dsr_1_120_sspa%3Fkeywords%3Dmen%2Bsports%2Bshoes%26qid%3D1685080873%26sr%3D8-120-spons%26sp_csd%3Dd2lkZ2V0TmFtZT1zcF9tdGY%26psc%3D1,₹699,3.8 out of 5 stars,582
"Sports Shoes for Men |Latest Stylish Sports Shoes for Men |Lace-Up Lightweight Red Shoes for Running, Walking, Gym,Trekking and Hiking Shoes for Men (ORI-9015)",https://www.amazon.in/Bersache-Lightweight-Trekking-ORI-9015-Numeric_8/dp/B09ZDWLLPB/ref=sr_1_121?keywords=men+sports+shoes&qid=1685080873&sr=8-121,₹949,3.2 out of 5 stars,197
Men Sports Shoes,https://www.amazon.in/Sparx-SM-484-Green-Sports-Shoes/dp/B083WGSWKV/ref=sr_1_122?keywords=men+sports+shoes&qid=1685080873&sr=8-122,"₹1,159",3.9 out of 5 stars,"2,064"
Mens Brett Casual Shoes,https://www.amazon.in/Power-Oxfords-Uniform-Dress-8396726_Black_8/dp/B09WDYW7LD/ref=sr_1_123?keywords=men+sports+shoes&qid=1685080873&sr=8-123,"₹1,189",3.7 out of 5 stars,110
Men's Sm-678 Running Shoe,https://www.amazon.in/Sparx-Mens-Cool-Running-SM-678/dp/B09CH42X1Z/ref=sr_1_124?keywords=men+sports+shoes&qid=1685080873&sr=8-124,"₹1,439",4.1 out of 5 stars,"1,709"
Mens Sx0472g Sports Shoes,https://www.amazon.in/Sparx-Orange-Running-Shoes-9-SX0472G_GYNO0009/dp/B07YY35D9T/ref=sr_1_125?keywords=men+sports+shoes&qid=1685080873&sr=8-125,"₹1,319",4.2 out of 5 stars,590
Mens Loire-z-170 Running Shoe,https://www.amazon.in/Bourge-Mens-Loire-z-170-Running-Shoes/dp/B09GPQ19HF/ref=sr_1_126?keywords=men+sports+shoes&qid=1685080873&sr=8-126,₹859,3.8 out of 5 stars,41
Softride Rift Breeze One8,https://www.amazon.in/PUMA-SOFTRIDE-RIFT-Breeze-ONE8/dp/B08TM98DD9/ref=sr_1_127?keywords=men+sports+shoes&qid=1685080873&sr=8-127,"₹2,929",4.2 out of 5 stars,59
"Vector X CS-2100 Court Shoes for Boys & Girls (9, Black-Gold)",https://www.amazon.in/Vector-CS-2100-Court-Shoes-Black-Gold/dp/B09P777XPT/ref=sr_1_128?keywords=men+sports+shoes&qid=1685080873&sr=8-128,"₹1,099",3.7 out of 5 stars,320
Men's Run Running Shoes,https://www.amazon.in/Campus-Mens-Running-Shoes-India/dp/B09LQ48ZK6/ref=sr_1_129?keywords=men+sports+shoes&qid=1685080873&sr=8-129,₹898,4.0 out of 5 stars,389
Men's Sports Running Shoes,https://www.amazon.in/Lancer-RAMBO-120BGN-41-Green-Sports-Running/dp/B08JZ9TKGM/ref=sr_1_130?keywords=men+sports+shoes&qid=1685080873&sr=8-130,"₹1,099",3.7 out of 5 stars,72
Men's Dylan ASGO0111 Sports Shoes/Casual Shoes/Running Shoes,https://www.amazon.in/ABROS-ASGO0111-Sports-Shoes_Navy-Red_10UK/dp/B0BCSXXCM4/ref=sr_1_131?keywords=men+sports+shoes&qid=1685080873&sr=8-131,₹839,4.4 out of 5 stars,8
Sx0677g,https://www.amazon.in/Sparx-Outdoor-Sports-SM-677G-Color/dp/B0963YQLK1/ref=sr_1_132?keywords=men+sports+shoes&qid=1685080873&sr=8-132,₹999,3.9 out of 5 stars,"3,982"
Mens Sm-614 Running Shoe,https://www.amazon.in/Sparx-Orange-Running-Shoes-7-SX0614G_NBNO0007/dp/B0823ZTKWP/ref=sr_1_133?keywords=men+sports+shoes&qid=1685080873&sr=8-133,₹999,4.1 out of 5 stars,552
Mens Sx0708g Running Shoe,https://www.amazon.in/Sparx-SM-708-Orange-Sports-SX0708G_BKNO_0007/dp/B09KPP8DDN/ref=sr_1_134?keywords=men+sports+shoes&qid=1685080873&sr=8-134,₹944,3.9 out of 5 stars,148
Men Running Laceup Shoe R1047,https://www.amazon.in/FURO-Lt-Grey-Running-R1047-047/dp/B09KN9F2GD/ref=sr_1_135?keywords=men+sports+shoes&qid=1685080873&sr=8-135,"₹1,839",4.0 out of 5 stars,27
"Mens Crank Running Shoes, Green, (8397888)",https://www.amazon.in/Power-Crank-Running-Shoes-8399888/dp/B0BTBZ26KM/ref=sr_1_136?keywords=men+sports+shoes&qid=1685080873&sr=8-136,"₹2,079",4.0 out of 5 stars,6
mens Sm-632 Running Shoe,https://www.amazon.in/Sparx-SM-632-Orange-Sports-Shoes/dp/B085B2JY8K/ref=sr_1_137?keywords=men+sports+shoes&qid=1685080873&sr=8-137,"₹1,399",3.9 out of 5 stars,922
Mens Hyperon 1.0 M Running Shoe,https://www.amazon.in/Adidas-HYPERON-Running-Shoes-7-CL7340_7/dp/B07M8HDTCT/ref=sr_1_138?keywords=men+sports+shoes&qid=1685080873&sr=8-138,"₹1,889",3.8 out of 5 stars,349
Mens Sm-752 Sneaker,https://www.amazon.in/Sparx-SM-752-Turkey-Sports-SX0752GNVTB0009/dp/B0B7NVQLQ3/ref=sr_1_139?keywords=men+sports+shoes&qid=1685080873&sr=8-139,"₹1,616",3.9 out of 5 stars,30
Men's Go Walk 4 Nordic Walking Shoes,https://www.amazon.in/Skechers-Mens-Nordic-Walking-Shoes/dp/B01IJCO6RS/ref=sr_1_140?keywords=men+sports+shoes&qid=1685080873&sr=8-140,"₹4,019",4.3 out of 5 stars,736
"Sports Shoes for Men | Latest Stylish Sports Shoes for Men | Lace-Up Lightweight (Grey) Shoes for Running, Walking, Gym,Trekking and Hiking Shoes for Men",https://www.amazon.in/Bersache-Stylish-Lace-Up-Lightweight-Trekking/dp/B0B4SL6X3R/ref=sr_1_141?keywords=men+sports+shoes&qid=1685080873&sr=8-141,"₹1,299",3.8 out of 5 stars,88
Mens Sm-648 Sneaker,https://www.amazon.in/Sparx-Outdoor-Trending-Comfortable-SM-648/dp/B08R2NSBBV/ref=sr_1_142?keywords=men+sports+shoes&qid=1685080873&sr=8-142,₹934,4.1 out of 5 stars,"2,922"
"Training,Walking,Cricket,Gym,Running Comfortable Sports Shoes for Men",https://www.amazon.in/Allen-Cooper-Sports-Shoes-Black/dp/B09QHV6MSM/ref=sr_1_143?keywords=men+sports+shoes&qid=1685080873&sr=8-143,"₹2,199",3.9 out of 5 stars,149
Men Blue Walking Shoes,https://www.amazon.in/Red-Tape-Blue-Walking-Shoes-11/dp/B0BGKP9VJT/ref=sr_1_144?keywords=men+sports+shoes&qid=1685080873&sr=8-144,"₹1,561",3.6 out of 5 stars,3
Men's Sx0679g Running Shoe,https://www.amazon.in/Sparx-SM-679-Orange-Sports-SX0679GBKNO_0008/dp/B098B78GXB/ref=sr_1_145?keywords=men+sports+shoes&qid=1685080873&sr=8-145,₹879,4.1 out of 5 stars,194
Men's Dragon Running Shoes,https://www.amazon.in/Campus-Dragon-Running-Shoes-7-5G-634/dp/B07RF92QD5/ref=sr_1_146?keywords=men+sports+shoes&qid=1685080873&sr=8-146,"₹1,589",3.7 out of 5 stars,"3,214"
Mens Sx0644g Running Shoes,https://www.amazon.in/Sparx-SM-644-Running-Shoe-8-SX0644GNBRD0008/dp/B08M6KYW72/ref=sr_1_147?keywords=men+sports+shoes&qid=1685080873&sr=8-147,₹999,3.7 out of 5 stars,41
Mens Sx0690g Running Shoe,https://www.amazon.in/Sparx-Mens-Royal-Running-SX0690G/dp/B09BJWMJKH/ref=sr_1_148?keywords=men+sports+shoes&qid=1685080873&sr=8-148,"₹1,049",3.8 out of 5 stars,38
PLUNK Jogging Shoe,https://www.amazon.in/Nivia-PLUNK-Jogging-Numeric_9-Green/dp/B08YN8SHP1/ref=sr_1_149?keywords=men+sports+shoes&qid=1685080873&sr=8-149,₹949,3.1 out of 5 stars,87
"Sports Shoes for Men | Latest Stylish Sports Shoes for Men | Lace-Up Lightweight (Light Grey) Shoes for Running, Walking, Gym,Trekking and Hiking Shoes for Men (ORI-9027)",https://www.amazon.in/Bersache-Stylish-Lightweight-Trekking-ORI-9027/dp/B0B5X9S8YH/ref=sr_1_150?keywords=men+sports+shoes&qid=1685080873&sr=8-150,"₹1,299",3.7 out of 5 stars,62
Men's Plasma-05 Sports Running Shoes for Men I Sport Shoes for Boys with Eva Sole for Extra Jump I Casual Shoes for Men's & Boy's,https://www.amazon.in/ASIAN-Sports-Running-Casual-Numeric_6/dp/B0B7F55B1B/ref=sr_1_151?keywords=men+sports+shoes&qid=1685080873&sr=8-151,₹569,3.7 out of 5 stars,558
Mens 6077-02 Running Shoe,https://www.amazon.in/Centrino-Sports-Shoe-Denim-6077-02/dp/B09Q6CX3YS/ref=sr_1_152?keywords=men+sports+shoes&qid=1685080873&sr=8-152,₹589,3.4 out of 5 stars,79
"Men's Cosco-13 Sports Running,Walking & Gym, School Shoes Lightweight Eva Sole Extra Jump Casual Sneaker Lace-Up Shoes for Men's & Boy's",https://www.amazon.in/sspa/click?ie=UTF8&spc=MTo5MTE1Nzg1NzA0MDIxMDk6MTY4NTA4MDg3MzpzcF9idGY6MjAxNDY1Njc5MDgyOTg6OjA6Og&url=%2FASIAN-Wonder-13-Running-Walking-Lightweight%2Fdp%2FB0BH49343K%2Fref%3Dsr_1_153_sspa%3Fkeywords%3Dmen%2Bsports%2Bshoes%26qid%3D1685080873%26sr%3D8-153-spons%26sp_csd%3Dd2lkZ2V0TmFtZT1zcF9idGY%26psc%3D1,₹699,3.8 out of 5 stars,"3,629"
Men's Adispree 5.0 M Running Shoes,https://www.amazon.in/sspa/click?ie=UTF8&spc=MTo5MTE1Nzg1NzA0MDIxMDk6MTY4NTA4MDg3MzpzcF9idGY6MjAwNzk4MTIyMjE5OTg6OjA6Og&url=%2FAdidas-Adispree-Running-Shoes-8-CK9528%2Fdp%2FB07MH5HGKX%2Fref%3Dsr_1_154_sspa%3Fkeywords%3Dmen%2Bsports%2Bshoes%26qid%3D1685080873%26sr%3D8-154-spons%26sp_csd%3Dd2lkZ2V0TmFtZT1zcF9idGY%26psc%3D1,"₹2,609",4.1 out of 5 stars,"1,202"
"Sports Shoes for Men|Grey for Running,Walking,Gym and Hiking Shoes ORI-9037",https://www.amazon.in/sspa/click?ie=UTF8&spc=MTo5MTE1Nzg1NzA0MDIxMDk6MTY4NTA4MDg3MzpzcF9idGY6MjAxNDY1ODcwNzYyOTg6OjA6Og&url=%2FBersache-Running-Walking-ORI-9037-Numeric_7%2Fdp%2FB0BJ7F2DQX%2Fref%3Dsr_1_155_sspa%3Fkeywords%3Dmen%2Bsports%2Bshoes%26qid%3D1685080873%26sr%3D8-155-spons%26sp_csd%3Dd2lkZ2V0TmFtZT1zcF9idGY%26psc%3D1%26smid%3DAZ01Y6L85SVXI,"₹1,299",3.7 out of 5 stars,21
"Men's Express-08 Sports Running,Walking,Gym,Training,Casual Sneaker Lace-Up Lightweight Shoes for Men's & Boy's",https://www.amazon.in/sspa/click?ie=UTF8&spc=MTo5MTE1Nzg1NzA0MDIxMDk6MTY4NTA4MDg3MzpzcF9idGY6MjAxNDY1Njc5MDc5OTg6OjA6Og&url=%2FASIAN-Express-08-Running-Training-Lightweight%2Fdp%2FB09X5XF481%2Fref%3Dsr_1_156_sspa%3Fkeywords%3Dmen%2Bsports%2Bshoes%26qid%3D1685080873%26sr%3D8-156-spons%26sp_csd%3Dd2lkZ2V0TmFtZT1zcF9idGY%26psc%3D1%26smid%3DA3OZBP9WERCHBG,₹659,3.7 out of 5 stars,"1,714"
Mens Fanatic Running Shoe,https://www.amazon.in/sspa/click?ie=UTF8&spc=MTo4MDk3OTA1NzM3ODM5NzAyOjE2ODUwODA4ODE6c3BfYXRmX25leHQ6MjAxNTIzMTYwMDI3OTg6OjA6Og&url=%2FAmazon-Brand-Symactive-Sports-AW21-SYM-10%2Fdp%2FB09CT5CSJ1%2Fref%3Dsr_1_145_sspa%3Fkeywords%3Dmen%2Bsports%2Bshoes%26qid%3D1685080881%26sr%3D8-145-spons%26sp_csd%3Dd2lkZ2V0TmFtZT1zcF9hdGZfbmV4dA%26psc%3D1,₹699,3.8 out of 5 stars,582
"Men's Newton-08 Sports Running Shoes Latest Stylish Casual Sneaker,Lace-up Lightweight Shoes for Running, Walking, Gym Shoes",https://www.amazon.in/sspa/click?ie=UTF8&spc=MTo4MDk3OTA1NzM3ODM5NzAyOjE2ODUwODA4ODE6c3BfYXRmX25leHQ6MjAxNDM2NjIzODg1OTg6OjA6Og&url=%2FASIAN-Newton-08-Running-Stylish-Lightweight%2Fdp%2FB0B5LSRWQZ%2Fref%3Dsr_1_146_sspa%3Fkeywords%3Dmen%2Bsports%2Bshoes%26qid%3D1685080881%26sr%3D8-146-spons%26sp_csd%3Dd2lkZ2V0TmFtZT1zcF9hdGZfbmV4dA%26psc%3D1,₹539,3.6 out of 5 stars,94
"Men's Newton-03 Sports Running,Walking & Gym Shoes with Sole Flex Technology Casual Sneaker Shoes for Men's & Boy's",https://www.amazon.in/sspa/click?ie=UTF8&spc=MTo4MDk3OTA1NzM3ODM5NzAyOjE2ODUwODA4ODE6c3BfYXRmX25leHQ6MjAwNzU4MTMxMDE2OTg6OjA6Og&url=%2FASIAN-Newton-03-Running-Walking-Technology%2Fdp%2FB0B6SKNDLH%2Fref%3Dsr_1_147_sspa%3Fkeywords%3Dmen%2Bsports%2Bshoes%26qid%3D1685080881%26sr%3D8-147-spons%26sp_csd%3Dd2lkZ2V0TmFtZT1zcF9hdGZfbmV4dA%26psc%3D1,₹551,4.2 out of 5 stars,20
"Men's INNOVA-02 Sports Running,Walking & Gym Shoes with Max Cushion Technology Casual Sneaker Shoes for Men's & Boy's",https://www.amazon.in/sspa/click?ie=UTF8&spc=MTo4MDk3OTA1NzM3ODM5NzAyOjE2ODUwODA4ODE6c3BfYXRmX25leHQ6MjAxNDY1NDYxNjMwOTg6OjA6Og&url=%2FASIAN-INNOVA-02-Running-Walking-Technology%2Fdp%2FB09TXJM65Y%2Fref%3Dsr_1_148_sspa%3Fkeywords%3Dmen%2Bsports%2Bshoes%26qid%3D1685080881%26sr%3D8-148-spons%26sp_csd%3Dd2lkZ2V0TmFtZT1zcF9hdGZfbmV4dA%26psc%3D1,₹899,3.8 out of 5 stars,204
Men's Plasma-05 Sports Running Shoes for Men I Sport Shoes for Boys with Eva Sole for Extra Jump I Casual Shoes for Men's & Boy's,https://www.amazon.in/ASIAN-Sports-Running-Casual-Numeric_6/dp/B0B7F55B1B/ref=sr_1_149?keywords=men+sports+shoes&qid=1685080881&sr=8-149,₹569,3.7 out of 5 stars,558
Men's Black Sports Shoes,https://www.amazon.in/Liberty-ROKKY-1-Black-Sports-Shoes/dp/B0BF5LBW5K/ref=sr_1_150?keywords=men+sports+shoes&qid=1685080881&sr=8-150,₹849,4.3 out of 5 stars,5
Mens 6077-02 Running Shoe,https://www.amazon.in/Centrino-Sports-Shoe-Denim-6077-02/dp/B09Q6CX3YS/ref=sr_1_151?keywords=men+sports+shoes&qid=1685080881&sr=8-151,₹589,3.4 out of 5 stars,79
Mens Sm-646 Running Shoe,https://www.amazon.in/Sparx-SM-646-Maroon-Black-Sports/dp/B08RDQFSTC/ref=sr_1_152?keywords=men+sports+shoes&qid=1685080881&sr=8-152,₹619,4.0 out of 5 stars,"1,037"
Rider-01 Sky White Phylon Sports Shoes for Men,https://www.amazon.in/ASIAN-Rider-01-Slateblue-Running-Walking/dp/B09S7LVPZZ/ref=sr_1_153?keywords=men+sports+shoes&qid=1685080881&sr=8-153,₹999,3.7 out of 5 stars,"7,604"
Leap7x Mens HYCROSS Sports Shoes,https://www.amazon.in/Liberty-Leap7x-HYCROSS-Sports-Shoes/dp/B0BVZ4C8HJ/ref=sr_1_154?keywords=men+sports+shoes&qid=1685080881&sr=8-154,₹999,0,0
Men's Running Shoes,https://www.amazon.in/Sparx-White-Royal-Running-SM-241/dp/B01AQPHKP6/ref=sr_1_155?keywords=men+sports+shoes&qid=1685080881&sr=8-155,"₹1,169",4.0 out of 5 stars,"7,340"
"G3S-501 Classy Lace Up Sports Shoes with Mesh Upper and PVC Sole for Running, Walking, Training, Gyming for Boy's",https://www.amazon.in/CAMRO-G3S-501-Running-Training-Boys/dp/B0BY921SLW/ref=sr_1_156?keywords=men+sports+shoes&qid=1685080881&sr=8-156,₹735,1.0 out of 5 stars,1
Mens Sx0482g Running Shoes,https://www.amazon.in/Sparx-Trending-Stylish-Outdoor-gynmming/dp/B08TYGFGXW/ref=sr_1_157?keywords=men+sports+shoes&qid=1685080881&sr=8-157,"₹1,038",3.8 out of 5 stars,289
Mens 6071-02 Running Shoe,https://www.amazon.in/Centrino-Sports-Shoe-Black-6071-01/dp/B09Q6DHY93/ref=sr_1_158?keywords=men+sports+shoes&qid=1685080881&sr=8-158,₹629,3.0 out of 5 stars,16
Men's Pulse Run Xtreme Lp Shoes,https://www.amazon.in/Reebok-Xtreme-ASHGRY-REDRUS-FV9932/dp/B0861ZCYN5/ref=sr_1_159?keywords=men+sports+shoes&qid=1685080881&sr=8-159,"₹1,950",3.9 out of 5 stars,"1,077"
Mens Sm-775 Sneaker,https://www.amazon.in/Sparx-SM-775-Forest-Golden-SX0775G_GFGO_0008/dp/B0BFHZP5RJ/ref=sr_1_160?keywords=men+sports+shoes&qid=1685080881&sr=8-160,"₹1,199",4.1 out of 5 stars,12
Mens Flex Experience Rn 11 Nn Running,https://www.amazon.in/Nike-Experience-Cerulean-Blue-Peach-Cream-White/dp/B0BMLQZZ1T/ref=sr_1_161?keywords=men+sports+shoes&qid=1685080881&sr=8-161,"₹4,995",3.2 out of 5 stars,105
Sm-706,https://www.amazon.in/Sparx-SM-706-Golden-Sports-SX0706GWHGO0007/dp/B0BJVLQRJC/ref=sr_1_162?keywords=men+sports+shoes&qid=1685080881&sr=8-162,"₹1,349",3.8 out of 5 stars,20
Mens Sx9034g Sports Shoes,https://www.amazon.in/Sparx-SM-9034-Orange-Sports-Shoes_8/dp/B08NVFV947/ref=sr_1_163?keywords=men+sports+shoes&qid=1685080881&sr=8-163,₹949,3.9 out of 5 stars,740
Men's California Running Shoes,https://www.amazon.in/Campus-California-MSTD-BLK-SIL-Running-Shoes/dp/B0855Z6C1T/ref=sr_1_164?keywords=men+sports+shoes&qid=1685080881&sr=8-164,"₹1,101
80",3.9 out of 5 stars,"1,697"
Men's TOP Gun Running Shoe,https://www.amazon.in/sspa/click?ie=UTF8&spc=MTo4MDk3OTA1NzM3ODM5NzAyOjE2ODUwODA4ODE6c3BfbXRmOjIwMTI1OTU3MjQ0Nzk4OjowOjo&url=%2FOFF-LIMITS-Running-Black-Yellow%2Fdp%2FB0BX4JG3R7%2Fref%3Dsr_1_165_sspa%3Fkeywords%3Dmen%2Bsports%2Bshoes%26qid%3D1685080881%26sr%3D8-165-spons%26sp_csd%3Dd2lkZ2V0TmFtZT1zcF9tdGY%26psc%3D1,"₹1,424",3.5 out of 5 stars,2
Lace-up Hiking Sports Shoes for Men H20001,https://www.amazon.in/sspa/click?ie=UTF8&spc=MTo4MDk3OTA1NzM3ODM5NzAyOjE2ODUwODA4ODE6c3BfbXRmOjIwMTM0MzY2MzI4Nzk4OjowOjo&url=%2FFURO-Bri-Green-Lace-up-H20001-788%2Fdp%2FB0BY9DM4FQ%2Fref%3Dsr_1_166_sspa%3Fkeywords%3Dmen%2Bsports%2Bshoes%26qid%3D1685080881%26sr%3D8-166-spons%26sp_csd%3Dd2lkZ2V0TmFtZT1zcF9tdGY%26psc%3D1,"₹1,499",5.0 out of 5 stars,1
"Men's STUSSYY Comfortable, Walking, Stylish, Gym, Training, Sneakers, Running Shoe",https://www.amazon.in/sspa/click?ie=UTF8&spc=MTo4MDk3OTA1NzM3ODM5NzAyOjE2ODUwODA4ODE6c3BfbXRmOjIwMTE0MjA0NTg1MDk4OjowOjo&url=%2FOFF-LIMITS-STUSSYY-Running-10%2Fdp%2FB0BQYQPFVP%2Fref%3Dsr_1_167_sspa%3Fkeywords%3Dmen%2Bsports%2Bshoes%26qid%3D1685080881%26sr%3D8-167-spons%26sp_csd%3Dd2lkZ2V0TmFtZT1zcF9tdGY%26psc%3D1,"₹1,890",3.5 out of 5 stars,57
"Sneaker Casual Shoes for Men | Soft Cushioned Insole, Slip-Resistance, Dynamic Feet Support, Arch Support & Shock Absorption",https://www.amazon.in/sspa/click?ie=UTF8&spc=MTo4MDk3OTA1NzM3ODM5NzAyOjE2ODUwODA4ODE6c3BfbXRmOjIwMTQxNDcxMjU0Nzk4OjowOjo&url=%2FRed-Tape-Slip-Resistance-Absorption-RSO2771%2Fdp%2FB0BWRBXH7M%2Fref%3Dsr_1_168_sspa%3Fkeywords%3Dmen%2Bsports%2Bshoes%26qid%3D1685080881%26sr%3D8-168-spons%26sp_csd%3Dd2lkZ2V0TmFtZT1zcF9tdGY%26psc%3D1,"₹1,517",4.0 out of 5 stars,217
mens Sm-661 Sneaker,https://www.amazon.in/Sparx-SM-661-Olive-Sports-SX0661GOLHN0009/dp/B099ZYW6P6/ref=sr_1_169?keywords=men+sports+shoes&qid=1685080881&sr=8-169,"₹1,231",3.7 out of 5 stars,87
LEAP7X 701 Sports Lacing Shoe for Men,https://www.amazon.in/Liberty-LEAP7X-701-Sports-R-Blue_7/dp/B09XL6TH3N/ref=sr_1_170?keywords=men+sports+shoes&qid=1685080881&sr=8-170,"₹2,168
85",0,0
"Lightweight Color Changing Sports Shoes Sole | Comfortable Outdoor, Casual, Walking, Gym, Training, Trekking and Hiking White Shoes for Men",https://www.amazon.in/Bersache-Changing-Lightweight-Sneakers-Trekking/dp/B0BV6DY1T8/ref=sr_1_171?keywords=men+sports+shoes&qid=1685080881&sr=8-171,₹599,3.8 out of 5 stars,47
mens Sports Shoes Sports,https://www.amazon.in/BRUTON-Walking-Training-Black_Gold-Numeric_8/dp/B09FXJR3P8/ref=sr_1_172?keywords=men+sports+shoes&qid=1685080881&sr=8-172,₹239,2.9 out of 5 stars,84
Men's Mesh Sports Running & Walking Outdoor Shoes,https://www.amazon.in/Lancer-Mens_14nbl_lgr-41-Sports-Shoes-Synthetic/dp/B073PBTR6T/ref=sr_1_173?keywords=men+sports+shoes&qid=1685080881&sr=8-173,₹741,3.7 out of 5 stars,562
Mens Jest M Running Shoe,https://www.amazon.in/Adidas-Mens-Jest-Running-Black/dp/B08TM2FYZS/ref=sr_1_174?keywords=men+sports+shoes&qid=1685080881&sr=8-174,"₹1,983",4.0 out of 5 stars,"1,241"
"Men's PRIME-01 Sports Walking,Running,Gym Shoes with Eva Sole Extra Jump Lightweight Casual Slip-On Sneaker Shoes for Men's & Boy's",https://www.amazon.in/ASIAN-Prime-01-Running-Training-Loafers/dp/B07DXYZDYP/ref=sr_1_175?keywords=men+sports+shoes&qid=1685080881&sr=8-175,₹585,3.8 out of 5 stars,"5,237"
"Training,Walking,Cricket,Gym,Running Comfortable Sports Shoes for Men",https://www.amazon.in/Allen-Cooper-Sports-Shoes-551N-9/dp/B0B2JZL784/ref=sr_1_176?keywords=men+sports+shoes&qid=1685080881&sr=8-176,"₹1,999",3.7 out of 5 stars,56
Sm-765,https://www.amazon.in/Sparx-SM-765-White-Sports-SX0765GOWCL0008/dp/B0BLVVFWJF/ref=sr_1_177?keywords=men+sports+shoes&qid=1685080881&sr=8-177,"₹1,754",4.2 out of 5 stars,10
Men's Russell ASGO0121 Sports Shoes/Casual Shoes/Running Shoes,https://www.amazon.in/ABROS-Russell-ASGO0121-Shoes_R-Slate-Navy_10UK/dp/B0BCVQMV1X/ref=sr_1_178?keywords=men+sports+shoes&qid=1685080881&sr=8-178,"₹1,104",3.8 out of 5 stars,5
Men's Superb Sports Running Shoe,https://www.amazon.in/Columbus-Superb-Sports-Running-India-7/dp/B09ZSPJ6VZ/ref=sr_1_179?keywords=men+sports+shoes&qid=1685080881&sr=8-179,"₹1,019",4.0 out of 5 stars,6
Men's Sm-666 Sports Shoes,https://www.amazon.in/Sparx-SM-666-Forest-Orange-Sports/dp/B08RX73KC7/ref=sr_1_180?keywords=men+sports+shoes&qid=1685080881&sr=8-180,"₹1,104",4.0 out of 5 stars,308
NIVIA Yorker Cricket Shoes-White/Blue UK - 8,https://www.amazon.in/NIVIA-Yorker-Cricket-Shoes-White-Blue/dp/B0B65HQPRX/ref=sr_1_181?keywords=men+sports+shoes&qid=1685080881&sr=8-181,₹999,3.3 out of 5 stars,8
Mens Trainers Athletic Walking Running Gyming Jogging Fitness Sneakers/Sports Shoes.,https://www.amazon.in/Bacca-Bucci-Trainers-Athletic-Shoes-Black/dp/B07D14D5TL/ref=sr_1_182?keywords=men+sports+shoes&qid=1685080881&sr=8-182,"₹1,199",3.7 out of 5 stars,"3,304"
Men's Sports Shoes,https://www.amazon.in/aadi-Mens-Blue-Sports-Shoes/dp/B07F366286/ref=sr_1_183?keywords=men+sports+shoes&qid=1685080881&sr=8-183,₹339,3.1 out of 5 stars,"1,602"
Sparx,https://www.amazon.in/Sparx-Black-Golden-Running-Shoes/dp/B0865TDZFY/ref=sr_1_184?keywords=men+sports+shoes&qid=1685080881&sr=8-184,₹879,4.0 out of 5 stars,988
Men's Walking Shoes,https://www.amazon.in/Red-Tape-Walking-Shoes-11-RSO0994/dp/B08Q3GDRZL/ref=sr_1_185?keywords=men+sports+shoes&qid=1685080881&sr=8-185,"₹1,459",3.5 out of 5 stars,617
Mens Gel-Trabuco Terra Running Shoe,https://www.amazon.in/ASICS-Synthetic-Gel-Trabuco-Running-Sports/dp/B096BCYBXB/ref=sr_1_186?keywords=men+sports+shoes&qid=1685080881&sr=8-186,"₹8,044",3.9 out of 5 stars,25
Men's Sm-700 Running Shoe,https://www.amazon.in/Sparx-Training-Fitness-Shoes-SX0700G/dp/B09FGDPRY8/ref=sr_1_187?keywords=men+sports+shoes&qid=1685080881&sr=8-187,"₹1,199",1.9 out of 5 stars,3
Mens 6085-03 Running Shoe,https://www.amazon.in/Centrino-Sports-Shoe-Olive-6085-03/dp/B09Q6F4LXS/ref=sr_1_188?keywords=men+sports+shoes&qid=1685080881&sr=8-188,₹629,3.1 out of 5 stars,57
Mens Sm-713 Running Shoe,https://www.amazon.in/Sparx-SM-713-White-Sports-SX0713GWHNB0009/dp/B09TWBYV2W/ref=sr_1_189?keywords=men+sports+shoes&qid=1685080881&sr=8-189,₹906,2.9 out of 5 stars,6
"Mens Sports Shoes, Running Shoes, Lace-Ups, Sneakers (Reiner)",https://www.amazon.in/ABROS-Running-Lace-Ups-Sneakers-ASSG1248_Cream/dp/B0C57D14GV/ref=sr_1_190?keywords=men+sports+shoes&qid=1685080881&sr=8-190,"₹1,599",0,0
Mens Sm-379 Grey Green Sports Shoes - 7 UK (SM-379),https://www.amazon.in/Sparx-Green-Running-Shoes-SM_379-41/dp/B07G2F9BQG/ref=sr_1_191?keywords=men+sports+shoes&qid=1685080881&sr=8-191,₹956,3.9 out of 5 stars,63
Men's Sports Running Shoes,https://www.amazon.in/Lancer-INDUS-219NBL-SBL-42-Sports-Running-Shoes/dp/B08KH7NZVB/ref=sr_1_192?keywords=men+sports+shoes&qid=1685080881&sr=8-192,₹806,4.0 out of 5 stars,20
Men's Walking Shoes,https://www.amazon.in/Red-Tape-Black-Walking-Shoes-11/dp/B0B6F9DF79/ref=sr_1_193?keywords=men+sports+shoes&qid=1685080881&sr=8-193,"₹1,483",4.0 out of 5 stars,49
Men's Salem ASGO0119 Sports Shoes/Casual Shoes/Running Shoes,https://www.amazon.in/ABROS-ASGO0119-Sports-Shoes_L-Grey-Sky_9UK/dp/B0BCVRVRTH/ref=sr_1_194?keywords=men+sports+shoes&qid=1685080881&sr=8-194,₹909,4.4 out of 5 stars,10
Men's Maroon Mesh Outdoor Casual Shoes,https://www.amazon.in/AADI-Maroon-Running-Sport-Shoes/dp/B08PNSKD72/ref=sr_1_195?keywords=men+sports+shoes&qid=1685080881&sr=8-195,₹379,3.6 out of 5 stars,"2,862"
Men's Angus ASGO0106 Sports Shoes/Casual Shoes/Running Shoes,https://www.amazon.in/ABROS-ASGO0106-Sports-Shoes_R-Slate-Navy_9UK/dp/B0BCT1JP81/ref=sr_1_196?keywords=men+sports+shoes&qid=1685080881&sr=8-196,₹999,4.0 out of 5 stars,3
Mens Sm-722 Sneaker,https://www.amazon.in/Sparx-SM-722-Golden-Sports-SX0722GBKGO0008/dp/B09TWCSJVD/ref=sr_1_197?keywords=men+sports+shoes&qid=1685080881&sr=8-197,"₹1,000",4.3 out of 5 stars,12
Mens Equalizer 4.0 - Phairme Sneaker,https://www.amazon.in/Skechers-mens-EQUALIZER-4-0-232023-BBK/dp/B0864W5QM2/ref=sr_1_198?keywords=men+sports+shoes&qid=1685080881&sr=8-198,"₹4,199",4.2 out of 5 stars,393
Mens Sm-472 Running Shoes,https://www.amazon.in/Sparx-SM-472-Forest-Golden-Sports/dp/B08T785MHP/ref=sr_1_199?keywords=men+sports+shoes&qid=1685080881&sr=8-199,"₹1,269",4.1 out of 5 stars,214
Sm-791,https://www.amazon.in/Sparx-SM-791-Orange-Sports-SX0791GBKNO0009/dp/B0BMT65B69/ref=sr_1_200?keywords=men+sports+shoes&qid=1685080881&sr=8-200,₹989,3.8 out of 5 stars,26
Men's Clinch-X M Running Shoe,https://www.amazon.in/sspa/click?ie=UTF8&spc=MTo4MDk3OTA1NzM3ODM5NzAyOjE2ODUwODA4ODE6c3BfYnRmOjIwMDc3Njc2NDUzNTA0OjowOjo&url=%2FAdidas-Mens-Clinch-X-Running-Shoe%2Fdp%2FB08FZVBHM1%2Fref%3Dsr_1_201_sspa%3Fkeywords%3Dmen%2Bsports%2Bshoes%26qid%3D1685080881%26sr%3D8-201-spons%26sp_csd%3Dd2lkZ2V0TmFtZT1zcF9idGY%26psc%3D1,"₹1,104",4.0 out of 5 stars,"4,086"
Mens Terminator (N) Running Shoes,https://www.amazon.in/sspa/click?ie=UTF8&spc=MTo4MDk3OTA1NzM3ODM5NzAyOjE2ODUwODA4ODE6c3BfYnRmOjIwMTQzMjA0OTM5OTk4OjowOjo&url=%2FCampus-Terminator-D-Gry-Running-Shoes%2Fdp%2FB095T3QVDM%2Fref%3Dsr_1_202_sspa%3Fkeywords%3Dmen%2Bsports%2Bshoes%26qid%3D1685080881%26sr%3D8-202-spons%26sp_csd%3Dd2lkZ2V0TmFtZT1zcF9idGY%26psc%3D1,"₹1,399",3.8 out of 5 stars,"1,919"
Rider-01 Sky White Phylon Sports Shoes for Men,https://www.amazon.in/sspa/click?ie=UTF8&spc=MTo4MDk3OTA1NzM3ODM5NzAyOjE2ODUwODA4ODE6c3BfYnRmOjIwMTQyMzQ4MDU2Mzk4OjowOjo&url=%2FASIAN-Rider-01-Lightweight-Orthopedic-Breathable%2Fdp%2FB0B3JBGV5B%2Fref%3Dsr_1_203_sspa%3Fkeywords%3Dmen%2Bsports%2Bshoes%26qid%3D1685080881%26sr%3D8-203-spons%26sp_csd%3Dd2lkZ2V0TmFtZT1zcF9idGY%26psc%3D1,"₹1,049",3.7 out of 5 stars,"7,604"
"Men's AIRWEAVE-02 Sports Running,Walking,Gym Shoes with Lightweight Phylon Sole with Memory Foam Casual Sneaker Shoes for Men's & Boy's",https://www.amazon.in/sspa/click?ie=UTF8&spc=MTo4MDk3OTA1NzM3ODM5NzAyOjE2ODUwODA4ODE6c3BfYnRmOjIwMTQ2MDczMjY2NTk4OjowOjo&url=%2FASIAN-AIRWEAVE-02-Running-Walking-Lightweight%2Fdp%2FB0C1Z8K3L9%2Fref%3Dsr_1_204_sspa%3Fkeywords%3Dmen%2Bsports%2Bshoes%26qid%3D1685080881%26sr%3D8-204-spons%26sp_csd%3Dd2lkZ2V0TmFtZT1zcF9idGY%26psc%3D1,"₹1,779",4.3 out of 5 stars,8
Mens Fanatic Running Shoe,https://www.amazon.in/sspa/click?ie=UTF8&spc=MTo0MDU3NzI5MzAxMDAzNTY4OjE2ODUwODA4ODg6c3BfYXRmX25leHQ6MjAxNTIzMTYwMDI5OTg6OjA6Og&url=%2FAmazon-Brand-Symactive-Sports-AW21-SYM-10%2Fdp%2FB09CT92FTY%2Fref%3Dsr_1_193_sspa%3Fkeywords%3Dmen%2Bsports%2Bshoes%26qid%3D1685080888%26sr%3D8-193-spons%26sp_csd%3Dd2lkZ2V0TmFtZT1zcF9hdGZfbmV4dA%26psc%3D1,₹699,3.8 out of 5 stars,582
"Men's STUSSYY Comfortable, Walking, Stylish, Gym, Training, Sneakers, Running Shoe",https://www.amazon.in/sspa/click?ie=UTF8&spc=MTo0MDU3NzI5MzAxMDAzNTY4OjE2ODUwODA4ODg6c3BfYXRmX25leHQ6MjAxMjk0MDcxMTczOTg6OjA6Og&url=%2FOFF-LIMITS-STUSSYY-Memory-Running%2Fdp%2FB0B42XTGKV%2Fref%3Dsr_1_194_sspa%3Fkeywords%3Dmen%2Bsports%2Bshoes%26qid%3D1685080888%26sr%3D8-194-spons%26sp_csd%3Dd2lkZ2V0TmFtZT1zcF9hdGZfbmV4dA%26psc%3D1,"₹1,890",3.5 out of 5 stars,57
"Men's Innova-06 Sports Running,Walking & Gym Shoes with Lightweight Max Cushion Technology Phylon Sole with Memory Form Casual Sneaker Shoes for Men's & Boy's",https://www.amazon.in/sspa/click?ie=UTF8&spc=MTo0MDU3NzI5MzAxMDAzNTY4OjE2ODUwODA4ODg6c3BfYXRmX25leHQ6MjAxNDY1NDYxNjM0OTg6OjA6Og&url=%2FASIAN-Innova-06-Running-Lightweight-Technology%2Fdp%2FB0BPY9KC63%2Fref%3Dsr_1_195_sspa%3Fkeywords%3Dmen%2Bsports%2Bshoes%26qid%3D1685080888%26sr%3D8-195-spons%26sp_csd%3Dd2lkZ2V0TmFtZT1zcF9hdGZfbmV4dA%26psc%3D1,"₹1,103",3.5 out of 5 stars,16
"Men's Fiber-04 Sports Running,Walking & Gym Shoes with Ultimate Cushion Technology Casual Sneaker Shoes for Men's & Boy's…",https://www.amazon.in/sspa/click?ie=UTF8&spc=MTo0MDU3NzI5MzAxMDAzNTY4OjE2ODUwODA4ODg6c3BfYXRmX25leHQ6MjAwNzU4NTc0NjQ0OTg6OjA6Og&url=%2FASIAN-Fiber-04-Running-Ultimate-Technology%2Fdp%2FB0B9L9Y1YH%2Fref%3Dsr_1_196_sspa%3Fkeywords%3Dmen%2Bsports%2Bshoes%26qid%3D1685080888%26sr%3D8-196-spons%26sp_csd%3Dd2lkZ2V0TmFtZT1zcF9hdGZfbmV4dA%26psc%3D1,₹999,3.8 out of 5 stars,55
"Mens Sports Shoes, Running Shoes, Lace-Ups, Sneakers (Reiner)",https://www.amazon.in/ABROS-Running-Lace-Ups-Sneakers-ASSG1248_Cream/dp/B0C57D14GV/ref=sr_1_197?keywords=men+sports+shoes&qid=1685080888&sr=8-197,"₹1,599",0,0
Mens Sm-379 Grey Green Sports Shoes - 7 UK (SM-379),https://www.amazon.in/Sparx-Green-Running-Shoes-SM_379-41/dp/B07G2F9BQG/ref=sr_1_198?keywords=men+sports+shoes&qid=1685080888&sr=8-198,₹956,3.9 out of 5 stars,63
Men's Sports Running Shoes,https://www.amazon.in/Lancer-INDUS-219NBL-SBL-42-Sports-Running-Shoes/dp/B08KH7NZVB/ref=sr_1_199?keywords=men+sports+shoes&qid=1685080888&sr=8-199,₹806,4.0 out of 5 stars,20
Men's Walking Shoes,https://www.amazon.in/Red-Tape-Black-Walking-Shoes-11/dp/B0B6F9DF79/ref=sr_1_200?keywords=men+sports+shoes&qid=1685080888&sr=8-200,"₹1,483",4.0 out of 5 stars,49
Men's Salem ASGO0119 Sports Shoes/Casual Shoes/Running Shoes,https://www.amazon.in/ABROS-ASGO0119-Sports-Shoes_L-Grey-Sky_9UK/dp/B0BCVRVRTH/ref=sr_1_201?keywords=men+sports+shoes&qid=1685080888&sr=8-201,₹909,4.4 out of 5 stars,10
Men's Maroon Mesh Outdoor Casual Shoes,https://www.amazon.in/AADI-Maroon-Running-Sport-Shoes/dp/B08PNSKD72/ref=sr_1_202?keywords=men+sports+shoes&qid=1685080888&sr=8-202,₹379,3.6 out of 5 stars,"2,862"
Men's Angus ASGO0106 Sports Shoes/Casual Shoes/Running Shoes,https://www.amazon.in/ABROS-ASGO0106-Sports-Shoes_R-Slate-Navy_9UK/dp/B0BCT1JP81/ref=sr_1_203?keywords=men+sports+shoes&qid=1685080888&sr=8-203,₹999,4.0 out of 5 stars,3
Mens Sm-722 Sneaker,https://www.amazon.in/Sparx-SM-722-Golden-Sports-SX0722GBKGO0008/dp/B09TWCSJVD/ref=sr_1_204?keywords=men+sports+shoes&qid=1685080888&sr=8-204,"₹1,000",4.3 out of 5 stars,12
Mens Equalizer 4.0 - Phairme Sneaker,https://www.amazon.in/Skechers-mens-EQUALIZER-4-0-232023-BBK/dp/B0864W5QM2/ref=sr_1_205?keywords=men+sports+shoes&qid=1685080888&sr=8-205,"₹4,199",4.2 out of 5 stars,393
Mens Sm-472 Running Shoes,https://www.amazon.in/Sparx-SM-472-Forest-Golden-Sports/dp/B08T785MHP/ref=sr_1_206?keywords=men+sports+shoes&qid=1685080888&sr=8-206,"₹1,269",4.1 out of 5 stars,214
Sm-791,https://www.amazon.in/Sparx-SM-791-Orange-Sports-SX0791GBKNO0009/dp/B0BMT65B69/ref=sr_1_207?keywords=men+sports+shoes&qid=1685080888&sr=8-207,₹989,3.8 out of 5 stars,26
Men Terrence ASSG1295 Mesh Sport Shoes,https://www.amazon.in/ABROS-Terrence-ASSG1295-Shoes_White-Mist_7UK/dp/B0BY2NKTP3/ref=sr_1_208?keywords=men+sports+shoes&qid=1685080888&sr=8-208,"₹2,483",0,0
Unisex-Adult Gel-Peake 2 Track and Field Cricket Shoe,https://www.amazon.in/ASICS-Gel-Peake-Black-Unisex-Sports/dp/B09MK8CNNK/ref=sr_1_209?keywords=men+sports+shoes&qid=1685080888&sr=8-209,"₹6,449",4.3 out of 5 stars,27
"Sports Running,Walking & Gym Shoes with SoleFlex Technology Casual Sneaker Shoes for Men's & Boy's",https://www.amazon.in/Dunkaston-Sports-SoleFlex-Technology-Numeric_7/dp/B0C5WZ5RJ5/ref=sr_1_210?keywords=men+sports+shoes&qid=1685080888&sr=8-210,₹449,0,0
Men's Retro Sports Running Shoe,https://www.amazon.in/Columbus-Retro-Sports-Running-India-8/dp/B0B1VLVF4S/ref=sr_1_211?keywords=men+sports+shoes&qid=1685080888&sr=8-211,"₹1,299",2.8 out of 5 stars,5
Sxn514m,https://www.amazon.in/Sparx-SM-514-Black-Running-SXN514GBKBK0005/dp/B089NQN3SH/ref=sr_1_212?keywords=men+sports+shoes&qid=1685080888&sr=8-212,₹799,3.7 out of 5 stars,18
Men's TOP Gun Running Shoe,https://www.amazon.in/sspa/click?ie=UTF8&spc=MTo0MDU3NzI5MzAxMDAzNTY4OjE2ODUwODA4ODg6c3BfbXRmOjIwMTI1OTU3MjQ0Njk4OjowOjo&url=%2FOFF-LIMITS-Running-Black-Yellow%2Fdp%2FB0BX4KTDG3%2Fref%3Dsr_1_213_sspa%3Fkeywords%3Dmen%2Bsports%2Bshoes%26qid%3D1685080888%26sr%3D8-213-spons%26sp_csd%3Dd2lkZ2V0TmFtZT1zcF9tdGY%26psc%3D1,"₹1,424",3.5 out of 5 stars,2
by Red Chief Sports Shoes for Men R1043 C1246,https://www.amazon.in/sspa/click?ie=UTF8&spc=MTo0MDU3NzI5MzAxMDAzNTY4OjE2ODUwODA4ODg6c3BfbXRmOjIwMTUzNjc1NjY2NTk4OjowOjo&url=%2FFURO-Redchief-R1043-001-Numeric_9%2Fdp%2FB08P5QBVP4%2Fref%3Dsr_1_214_sspa%3Fkeywords%3Dmen%2Bsports%2Bshoes%26qid%3D1685080888%26sr%3D8-214-spons%26sp_csd%3Dd2lkZ2V0TmFtZT1zcF9tdGY%26psc%3D1,"₹1,763",4.0 out of 5 stars,57
"Sports Shoes for Men|Grey for Running,Walking,Gym and Hiking Shoes ORI-9037",https://www.amazon.in/sspa/click?ie=UTF8&spc=MTo0MDU3NzI5MzAxMDAzNTY4OjE2ODUwODA4ODg6c3BfbXRmOjIwMTQ2NTg3MDc1ODk4OjowOjo&url=%2FBersache-Running-Walking-ORI-9037-Numeric_9%2Fdp%2FB0BJ7BZKNK%2Fref%3Dsr_1_215_sspa%3Fkeywords%3Dmen%2Bsports%2Bshoes%26qid%3D1685080888%26sr%3D8-215-spons%26sp_csd%3Dd2lkZ2V0TmFtZT1zcF9tdGY%26psc%3D1,"₹1,299",3.7 out of 5 stars,21
Light Running Shoe for Men O-5027,https://www.amazon.in/sspa/click?ie=UTF8&spc=MTo0MDU3NzI5MzAxMDAzNTY4OjE2ODUwODA4ODg6c3BfbXRmOjIwMTYwNjEyMzEyODk4OjowOjo&url=%2FFURO-Sports-Lt-Grey-Shoes-Running%2Fdp%2FB09WMSJ4KR%2Fref%3Dsr_1_216_sspa%3Fkeywords%3Dmen%2Bsports%2Bshoes%26qid%3D1685080888%26sr%3D8-216-spons%26sp_csd%3Dd2lkZ2V0TmFtZT1zcF9tdGY%26psc%3D1,"₹1,299",3.8 out of 5 stars,78
Men SM-500 Black Golden Sports Shoes,https://www.amazon.in/Sparx-Black-Golden-Running-Shoes/dp/B0866197YP/ref=sr_1_217?keywords=men+sports+shoes&qid=1685080888&sr=8-217,₹934,4.0 out of 5 stars,337
Men's Napoleon-N ASSG1130N Sports Shoes,https://www.amazon.in/ABROS-Napoleon-N-ASSG1130N-Sports-Shoes/dp/B09VL9DJ4N/ref=sr_1_218?keywords=men+sports+shoes&qid=1685080888&sr=8-218,"₹1,640",3.3 out of 5 stars,10
GO Walk 5 - Warwick Slip ON Shoes for Men | with Lightweight Ultra GO® Cushioning Midsole and Air Cooled GOGA Mat Insole Layered with Breathable Mesh Upper Walking Shoes,https://www.amazon.in/Skechers-Gowalk-5-Performance-Athletic-Walking/dp/B08KLM7D69/ref=sr_1_219?keywords=men+sports+shoes&qid=1685080888&sr=8-219,"₹4,059",4.4 out of 5 stars,459
mens Gel-ziruss 5 Running Shoe,https://www.amazon.in/ASICS-Synthetic-Gel-Ziruss-Running-Sports/dp/B096BDSG5S/ref=sr_1_220?keywords=men+sports+shoes&qid=1685080888&sr=8-220,"₹9,829",4.0 out of 5 stars,6
Mens Sm-687 Sneaker,https://www.amazon.in/Sparx-SM-687-Turkey-Orange-SX0687GTBNO0009/dp/B099WTVM7H/ref=sr_1_221?keywords=men+sports+shoes&qid=1685080888&sr=8-221,"₹1,279",4.4 out of 5 stars,18
Men's Tylor ASSG1299 Sports Shoes/Casual Shoes/Running Shoes,https://www.amazon.in/ABROS-ASSG1299-Sports-Shoes_Offwhite-Black_8UK/dp/B0BS6TTS57/ref=sr_1_222?keywords=men+sports+shoes&qid=1685080888&sr=8-222,"₹2,483",3.3 out of 5 stars,3
Mens Force-8 Running Shoe,https://www.amazon.in/Liberty-Force-8-White-Sports-Shoes-6/dp/B09LLTNJS7/ref=sr_1_223?keywords=men+sports+shoes&qid=1685080888&sr=8-223,"₹1,187",4.0 out of 5 stars,105
Mens 6081-02 Running Shoe,https://www.amazon.in/Centrino-Sports-Shoe-D-Grey-6081-02/dp/B09Q6FWG6W/ref=sr_1_224?keywords=men+sports+shoes&qid=1685080888&sr=8-224,₹589,3.4 out of 5 stars,27
Men RUNNER-1E Grey Running Shoes,https://www.amazon.in/Liberty-Runner-1e-Running-Shoes-6-59690011/dp/B084F9MBFW/ref=sr_1_225?keywords=men+sports+shoes&qid=1685080888&sr=8-225,₹734,3.9 out of 5 stars,470
Force 10 Mens RECARDO-E Sports Shoes,https://www.amazon.in/Liberty-Force-RECARDO-Sports-Shoes/dp/B0BVZ6VFQB/ref=sr_1_226?keywords=men+sports+shoes&qid=1685080888&sr=8-226,₹964,0,0
"Wind COOLSENSE Lightweight Casual, Comfortable, Durable, Stylish Gym, Running",https://www.amazon.in/JQR-9-Mens-Sports-Running-Shoes/dp/B0BN484DS7/ref=sr_1_227?keywords=men+sports+shoes&qid=1685080888&sr=8-227,"₹1,006",4.5 out of 5 stars,2
Mens Sm-666 Running Shoe,https://www.amazon.in/Sparx-Trending-Stylish-gynmming-N-Orange/dp/B08TYCPMFS/ref=sr_1_228?keywords=men+sports+shoes&qid=1685080888&sr=8-228,₹934,3.4 out of 5 stars,22
Men's Outdoor Sports Shoe SM-675G,https://www.amazon.in/Sparx-Outdoor-Sports-SM-675G-Orange/dp/B09641MSJG/ref=sr_1_229?keywords=men+sports+shoes&qid=1685080888&sr=8-229,₹849,3.9 out of 5 stars,225
Men's Walking Shoes,https://www.amazon.in/Red-Tape-Black-Walking-Shoes-9/dp/B0BGZVKHLH/ref=sr_1_230?keywords=men+sports+shoes&qid=1685080888&sr=8-230,"₹1,274",3.4 out of 5 stars,11
Comet 2 Alt Beta,https://www.amazon.in/Puma-Comet-Beta-Running-Shoes/dp/B088RKBZ2V/ref=sr_1_231?keywords=men+sports+shoes&qid=1685080888&sr=8-231,"₹2,250",3.9 out of 5 stars,571
Mens Sx0644g Running Shoe,https://www.amazon.in/Sparx-SM-644-Running-Shoe-9-SX0644GNBRD0009/dp/B08M6LPMX1/ref=sr_1_232?keywords=men+sports+shoes&qid=1685080888&sr=8-232,"₹1,119",3.2 out of 5 stars,13
Proton Men's Plus Size Sports Shoes with Shock Absorption Sports Lining & Anti-Slip Whole-Woven Upper,https://www.amazon.in/Bacca-Bucci-Absorption-Whole-Woven-Upper-Grey/dp/B09RKB7JSH/ref=sr_1_233?keywords=men+sports+shoes&qid=1685080888&sr=8-233,"₹1,499",3.9 out of 5 stars,120
Mens Sm 277 Sports Shoes,https://www.amazon.in/Sparx-Orange-Sports-Running-277-42/dp/B078KTXN22/ref=sr_1_234?keywords=men+sports+shoes&qid=1685080888&sr=8-234,₹839,3.9 out of 5 stars,"1,295"
Athleo ATG-411 Men's Mesh Running Sports Shoes,https://www.amazon.in/ACTION-ATG-411-Comfort-Ultra-Lightweight-Walking/dp/B0BFLSDTHK/ref=sr_1_235?keywords=men+sports+shoes&qid=1685080888&sr=8-235,₹999,3.8 out of 5 stars,13
Athleo ATG-709 Men's Mesh Lace-Up Lightweight/Comfort/Walking/Gym/Outdoor/Trendy Running Sports Shoe's ATG-709_P,https://www.amazon.in/ATG-709-Lace-Up-Lightweight-Comfort-ATG-709-BLACK-D-GREY-F-GREEN_7/dp/B0BVW3779Q/ref=sr_1_236?keywords=men+sports+shoes&qid=1685080888&sr=8-236,"₹1,109",3.8 out of 5 stars,5
Mens Yukiro Sneaker,https://www.amazon.in/Fila-YUKIRO-Motor-Sports-11010568/dp/B0B6JSP1C1/ref=sr_1_237?keywords=men+sports+shoes&qid=1685080888&sr=8-237,"₹3,149",4.0 out of 5 stars,1
Men's Synthetic Lace Up Sports Shoes,https://www.amazon.in/BATA-Mens-Olive-Green-Synthetic/dp/B01HRYCIYM/ref=sr_1_238?keywords=men+sports+shoes&qid=1685080888&sr=8-238,"₹1,799",4.1 out of 5 stars,477
Mens Flyer Runner Engineer Knit Running Shoe,https://www.amazon.in/Flyer-Runner-Engineered-SoftFoam-Running/dp/B08144P6QN/ref=sr_1_239?keywords=men+sports+shoes&qid=1685080888&sr=8-239,"₹2,429",3.9 out of 5 stars,609
Mens Belgium Running Shoes,https://www.amazon.in/URJO-Mens-Sports-Shoes-Belgium/dp/B09BN546YS/ref=sr_1_240?keywords=men+sports+shoes&qid=1685080888&sr=8-240,₹819,4.0 out of 5 stars,113
Men's Running Lightweight Casual Walking Sports White Shoes,https://www.amazon.in/YSCROWD-Running-Lightweight-Walking-Numeric_10/dp/B0C11FLT11/ref=sr_1_241?keywords=men+sports+shoes&qid=1685080888&sr=8-241,₹449,1.0 out of 5 stars,1
Mens Sm-694 Running Shoe,https://www.amazon.in/Sparx-SM-694-Black-Sports-SX0694G_BKRD_0006/dp/B09HTHZB8D/ref=sr_1_242?keywords=men+sports+shoes&qid=1685080888&sr=8-242,₹699,4.0 out of 5 stars,4
Lace-Up Sport Shoe for Men Black,https://www.amazon.in/Impakto-Mens-Sports-Shoes-Black-AS0086-9/dp/B0844PZNHG/ref=sr_1_243?keywords=men+sports+shoes&qid=1685080888&sr=8-243,₹899,4.5 out of 5 stars,14
Force 10 Mens Romario Sports Shoes,https://www.amazon.in/Liberty-Force-Romario-White-Sports/dp/B0BVZ4BQDH/ref=sr_1_244?keywords=men+sports+shoes&qid=1685080888&sr=8-244,₹869,0,0
Men's BOB Running & Lifestyle Sports Sneakers with Speed Dummy Laces & Rebounce Air Outsole,https://www.amazon.in/Bacca-Bucci-Lifestyle-Sneakers-Rebounce/dp/B0B99BM39K/ref=sr_1_245?keywords=men+sports+shoes&qid=1685080888&sr=8-245,"₹1,699",3.6 out of 5 stars,27
Men's Walking Shoes,https://www.amazon.in/Red-Tape-Brown-Walking-RSO0772A/dp/B08FCJWSVD/ref=sr_1_246?keywords=men+sports+shoes&qid=1685080888&sr=8-246,"₹1,418",4.1 out of 5 stars,190
Men's Trigger (M) Sports Running Shoe,https://www.amazon.in/Columbus-Trigger-Running-R-Salte-India-7/dp/B0B1VLYJZL/ref=sr_1_247?keywords=men+sports+shoes&qid=1685080888&sr=8-247,"₹1,019",5.0 out of 5 stars,2
Mens Sm-782 Sneaker,https://www.amazon.in/Sparx-SM-782-Orange-Sports-SX0782GOLNO0008/dp/B0BMTQDJT8/ref=sr_1_248?keywords=men+sports+shoes&qid=1685080888&sr=8-248,"₹1,434",4.0 out of 5 stars,1
"Sneaker Casual Shoes for Men | Soft Cushioned Insole, Slip-Resistance, Dynamic Feet Support, Arch Support & Shock Absorption",https://www.amazon.in/sspa/click?ie=UTF8&spc=MTo0MDU3NzI5MzAxMDAzNTY4OjE2ODUwODA4ODg6c3BfYnRmOjIwMTQxNDcxMjU1MDk4OjowOjo&url=%2FRed-Tape-Slip-Resistance-Absorption-RSO2771%2Fdp%2FB0BWRD6KNR%2Fref%3Dsr_1_249_sspa%3Fkeywords%3Dmen%2Bsports%2Bshoes%26qid%3D1685080888%26sr%3D8-249-spons%26sp_csd%3Dd2lkZ2V0TmFtZT1zcF9idGY%26psc%3D1,"₹1,517",4.0 out of 5 stars,217
by Redchief Running Shoe for Men R1046,https://www.amazon.in/sspa/click?ie=UTF8&spc=MTo0MDU3NzI5MzAxMDAzNTY4OjE2ODUwODA4ODg6c3BfYnRmOjIwMTUzNjc1NjY3MTk4OjowOjo&url=%2FFURO-Redchief-Sneaker-R1046-005%2Fdp%2FB08X6SX5YZ%2Fref%3Dsr_1_250_sspa%3Fkeywords%3Dmen%2Bsports%2Bshoes%26qid%3D1685080888%26sr%3D8-250-spons%26sp_csd%3Dd2lkZ2V0TmFtZT1zcF9idGY%26psc%3D1,"₹1,799",4.0 out of 5 stars,178
Mens Hattrick-27 Loafer,https://www.amazon.in/sspa/click?ie=UTF8&spc=MTo0MDU3NzI5MzAxMDAzNTY4OjE2ODUwODA4ODg6c3BfYnRmOjIwMTQ2NTU4OTc5Nzk4OjowOjo&url=%2FASIAN-Hattrick-27-Running-Sneakers-Lightweight%2Fdp%2FB09SXZR362%2Fref%3Dsr_1_251_sspa%3Fkeywords%3Dmen%2Bsports%2Bshoes%26qid%3D1685080888%26sr%3D8-251-spons%26sp_csd%3Dd2lkZ2V0TmFtZT1zcF9idGY%26psc%3D1,₹704,3.8 out of 5 stars,684
Mens Beamers M Running Shoes,https://www.amazon.in/sspa/click?ie=UTF8&spc=MTo0MDU3NzI5MzAxMDAzNTY4OjE2ODUwODA4ODg6c3BfYnRmOjIwMDc3Njc2NDU1OTA0OjowOjo&url=%2FAdidas-Mens-Beamers-Running-Black%2Fdp%2FB08FZVXRJM%2Fref%3Dsr_1_252_sspa%3Fkeywords%3Dmen%2Bsports%2Bshoes%26qid%3D1685080888%26sr%3D8-252-spons%26sp_csd%3Dd2lkZ2V0TmFtZT1zcF9idGY%26psc%3D1,"₹2,627",3.8 out of 5 stars,"1,084"
